{
  "Version": 1,
  "ManifestType": "Publish",
  "Endpoints": [
    {
      "Route": "favicon.aurgn8ve2x.ico",
      "AssetFile": "favicon.ico.gz",
      "Selectors": [
        {
          "Name": "Content-Encoding",
          "Value": "gzip",
          "Quality": "0.000405022276"
        }
      ],
      "ResponseHeaders": [
        {
          "Name": "Accept-Ranges",
          "Value": "bytes"
        },
        {
          "Name": "Cache-Control",
          "Value": "max-age=31536000, immutable"
        },
        {
          "Name": "Content-Encoding",
          "Value": "gzip"
        },
        {
          "Name": "Content-Length",
          "Value": "2468"
        },
        {
          "Name": "Content-Type",
          "Value": "image/x-icon"
        },
        {
          "Name": "ETag",
          "Value": "\"VnSL+hR1slyVGJmPbgR871mRtNeKwl5YS1tEGpFlps0=\""
        },
        {
          "Name": "ETag",
          "Value": "W/\"Dgih1So70yrAHzv8dF/+dMaPjJtC7chiRFfY7AY/Wfc=\""
        },
        {
          "Name": "Last-Modified",
          "Value": "Tue, 18 Mar 2025 08:49:32 GMT"
        },
        {
          "Name": "Vary",
          "Value": "Content-Encoding"
        }
      ],
      "EndpointProperties": [
        {
          "Name": "fingerprint",
          "Value": "aurgn8ve2x"
        },
        {
          "Name": "integrity",
          "Value": "sha256-Dgih1So70yrAHzv8dF/+dMaPjJtC7chiRFfY7AY/Wfc="
        },
        {
          "Name": "label",
          "Value": "favicon.ico"
        }
      ]
    },
    {
      "Route": "favicon.aurgn8ve2x.ico",
      "AssetFile": "favicon.ico.br",
      "Selectors": [
        {
          "Name": "Content-Encoding",
          "Value": "br",
          "Quality": "0.000502765209"
        }
      ],
      "ResponseHeaders": [
        {
          "Name": "Accept-Ranges",
          "Value": "bytes"
        },
        {
          "Name": "Cache-Control",
          "Value": "max-age=31536000, immutable"
        },
        {
          "Name": "Content-Encoding",
          "Value": "br"
        },
        {
          "Name": "Content-Length",
          "Value": "1988"
        },
        {
          "Name": "Content-Type",
          "Value": "image/x-icon"
        },
        {
          "Name": "ETag",
          "Value": "\"Xu7FzTBeUHB/+P7WVm8wt8IGAbEAeEm3gVNCrALFkD4=\""
        },
        {
          "Name": "ETag",
          "Value": "W/\"Dgih1So70yrAHzv8dF/+dMaPjJtC7chiRFfY7AY/Wfc=\""
        },
        {
          "Name": "Last-Modified",
          "Value": "Tue, 18 Mar 2025 08:49:32 GMT"
        },
        {
          "Name": "Vary",
          "Value": "Content-Encoding"
        }
      ],
      "EndpointProperties": [
        {
          "Name": "fingerprint",
          "Value": "aurgn8ve2x"
        },
        {
          "Name": "integrity",
          "Value": "sha256-Dgih1So70yrAHzv8dF/+dMaPjJtC7chiRFfY7AY/Wfc="
        },
        {
          "Name": "label",
          "Value": "favicon.ico"
        }
      ]
    },
    {
      "Route": "favicon.aurgn8ve2x.ico",
      "AssetFile": "favicon.ico",
      "Selectors": [],
      "ResponseHeaders": [
        {
          "Name": "Accept-Ranges",
          "Value": "bytes"
        },
        {
          "Name": "Cache-Control",
          "Value": "max-age=31536000, immutable"
        },
        {
          "Name": "Content-Length",
          "Value": "15086"
        },
        {
          "Name": "Content-Type",
          "Value": "image/x-icon"
        },
        {
          "Name": "ETag",
          "Value": "\"Dgih1So70yrAHzv8dF/+dMaPjJtC7chiRFfY7AY/Wfc=\""
        },
        {
          "Name": "Last-Modified",
          "Value": "Tue, 18 Mar 2025 08:49:32 GMT"
        }
      ],
      "EndpointProperties": [
        {
          "Name": "fingerprint",
          "Value": "aurgn8ve2x"
        },
        {
          "Name": "integrity",
          "Value": "sha256-Dgih1So70yrAHzv8dF/+dMaPjJtC7chiRFfY7AY/Wfc="
        },
        {
          "Name": "label",
          "Value": "favicon.ico"
        }
      ]
    },
    {
      "Route": "favicon.aurgn8ve2x.ico.br",
      "AssetFile": "favicon.ico.br",
      "Selectors": [],
      "ResponseHeaders": [
        {
          "Name": "Accept-Ranges",
          "Value": "bytes"
        },
        {
          "Name": "Cache-Control",
          "Value": "max-age=31536000, immutable"
        },
        {
          "Name": "Content-Encoding",
          "Value": "br"
        },
        {
          "Name": "Content-Length",
          "Value": "1988"
        },
        {
          "Name": "Content-Type",
          "Value": "image/x-icon"
        },
        {
          "Name": "ETag",
          "Value": "\"Xu7FzTBeUHB/+P7WVm8wt8IGAbEAeEm3gVNCrALFkD4=\""
        },
        {
          "Name": "Last-Modified",
          "Value": "Tue, 18 Mar 2025 08:49:32 GMT"
        },
        {
          "Name": "Vary",
          "Value": "Content-Encoding"
        }
      ],
      "EndpointProperties": [
        {
          "Name": "fingerprint",
          "Value": "aurgn8ve2x"
        },
        {
          "Name": "integrity",
          "Value": "sha256-Xu7FzTBeUHB/+P7WVm8wt8IGAbEAeEm3gVNCrALFkD4="
        },
        {
          "Name": "label",
          "Value": "favicon.ico.br"
        }
      ]
    },
    {
      "Route": "favicon.aurgn8ve2x.ico.gz",
      "AssetFile": "favicon.ico.gz",
      "Selectors": [],
      "ResponseHeaders": [
        {
          "Name": "Accept-Ranges",
          "Value": "bytes"
        },
        {
          "Name": "Cache-Control",
          "Value": "max-age=31536000, immutable"
        },
        {
          "Name": "Content-Encoding",
          "Value": "gzip"
        },
        {
          "Name": "Content-Length",
          "Value": "2468"
        },
        {
          "Name": "Content-Type",
          "Value": "image/x-icon"
        },
        {
          "Name": "ETag",
          "Value": "\"VnSL+hR1slyVGJmPbgR871mRtNeKwl5YS1tEGpFlps0=\""
        },
        {
          "Name": "Last-Modified",
          "Value": "Tue, 18 Mar 2025 08:49:32 GMT"
        },
        {
          "Name": "Vary",
          "Value": "Content-Encoding"
        }
      ],
      "EndpointProperties": [
        {
          "Name": "fingerprint",
          "Value": "aurgn8ve2x"
        },
        {
          "Name": "integrity",
          "Value": "sha256-VnSL+hR1slyVGJmPbgR871mRtNeKwl5YS1tEGpFlps0="
        },
        {
          "Name": "label",
          "Value": "favicon.ico.gz"
        }
      ]
    },
    {
      "Route": "favicon.ico",
      "AssetFile": "favicon.ico.gz",
      "Selectors": [
        {
          "Name": "Content-Encoding",
          "Value": "gzip",
          "Quality": "0.000405022276"
        }
      ],
      "ResponseHeaders": [
        {
          "Name": "Accept-Ranges",
          "Value": "bytes"
        },
        {
          "Name": "Cache-Control",
          "Value": "no-cache"
        },
        {
          "Name": "Content-Encoding",
          "Value": "gzip"
        },
        {
          "Name": "Content-Length",
          "Value": "2468"
        },
        {
          "Name": "Content-Type",
          "Value": "image/x-icon"
        },
        {
          "Name": "ETag",
          "Value": "\"VnSL+hR1slyVGJmPbgR871mRtNeKwl5YS1tEGpFlps0=\""
        },
        {
          "Name": "ETag",
          "Value": "W/\"Dgih1So70yrAHzv8dF/+dMaPjJtC7chiRFfY7AY/Wfc=\""
        },
        {
          "Name": "Last-Modified",
          "Value": "Tue, 18 Mar 2025 08:49:32 GMT"
        },
        {
          "Name": "Vary",
          "Value": "Content-Encoding"
        }
      ],
      "EndpointProperties": [
        {
          "Name": "integrity",
          "Value": "sha256-Dgih1So70yrAHzv8dF/+dMaPjJtC7chiRFfY7AY/Wfc="
        }
      ]
    },
    {
      "Route": "favicon.ico",
      "AssetFile": "favicon.ico.br",
      "Selectors": [
        {
          "Name": "Content-Encoding",
          "Value": "br",
          "Quality": "0.000502765209"
        }
      ],
      "ResponseHeaders": [
        {
          "Name": "Accept-Ranges",
          "Value": "bytes"
        },
        {
          "Name": "Cache-Control",
          "Value": "no-cache"
        },
        {
          "Name": "Content-Encoding",
          "Value": "br"
        },
        {
          "Name": "Content-Length",
          "Value": "1988"
        },
        {
          "Name": "Content-Type",
          "Value": "image/x-icon"
        },
        {
          "Name": "ETag",
          "Value": "\"Xu7FzTBeUHB/+P7WVm8wt8IGAbEAeEm3gVNCrALFkD4=\""
        },
        {
          "Name": "ETag",
          "Value": "W/\"Dgih1So70yrAHzv8dF/+dMaPjJtC7chiRFfY7AY/Wfc=\""
        },
        {
          "Name": "Last-Modified",
          "Value": "Tue, 18 Mar 2025 08:49:32 GMT"
        },
        {
          "Name": "Vary",
          "Value": "Content-Encoding"
        }
      ],
      "EndpointProperties": [
        {
          "Name": "integrity",
          "Value": "sha256-Dgih1So70yrAHzv8dF/+dMaPjJtC7chiRFfY7AY/Wfc="
        }
      ]
    },
    {
      "Route": "favicon.ico",
      "AssetFile": "favicon.ico",
      "Selectors": [],
      "ResponseHeaders": [
        {
          "Name": "Accept-Ranges",
          "Value": "bytes"
        },
        {
          "Name": "Cache-Control",
          "Value": "max-age=3600, must-revalidate"
        },
        {
          "Name": "Content-Length",
          "Value": "15086"
        },
        {
          "Name": "Content-Type",
          "Value": "image/x-icon"
        },
        {
          "Name": "ETag",
          "Value": "\"Dgih1So70yrAHzv8dF/+dMaPjJtC7chiRFfY7AY/Wfc=\""
        },
        {
          "Name": "Last-Modified",
          "Value": "Tue, 18 Mar 2025 08:49:32 GMT"
        }
      ],
      "EndpointProperties": [
        {
          "Name": "integrity",
          "Value": "sha256-Dgih1So70yrAHzv8dF/+dMaPjJtC7chiRFfY7AY/Wfc="
        }
      ]
    },
    {
      "Route": "favicon.ico.br",
      "AssetFile": "favicon.ico.br",
      "Selectors": [],
      "ResponseHeaders": [
        {
          "Name": "Accept-Ranges",
          "Value": "bytes"
        },
        {
          "Name": "Cache-Control",
          "Value": "no-cache"
        },
        {
          "Name": "Content-Encoding",
          "Value": "br"
        },
        {
          "Name": "Content-Length",
          "Value": "1988"
        },
        {
          "Name": "Content-Type",
          "Value": "image/x-icon"
        },
        {
          "Name": "ETag",
          "Value": "\"Xu7FzTBeUHB/+P7WVm8wt8IGAbEAeEm3gVNCrALFkD4=\""
        },
        {
          "Name": "Last-Modified",
          "Value": "Tue, 18 Mar 2025 08:49:32 GMT"
        },
        {
          "Name": "Vary",
          "Value": "Content-Encoding"
        }
      ],
      "EndpointProperties": [
        {
          "Name": "integrity",
          "Value": "sha256-Xu7FzTBeUHB/+P7WVm8wt8IGAbEAeEm3gVNCrALFkD4="
        }
      ]
    },
    {
      "Route": "favicon.ico.gz",
      "AssetFile": "favicon.ico.gz",
      "Selectors": [],
      "ResponseHeaders": [
        {
          "Name": "Accept-Ranges",
          "Value": "bytes"
        },
        {
          "Name": "Cache-Control",
          "Value": "no-cache"
        },
        {
          "Name": "Content-Encoding",
          "Value": "gzip"
        },
        {
          "Name": "Content-Length",
          "Value": "2468"
        },
        {
          "Name": "Content-Type",
          "Value": "image/x-icon"
        },
        {
          "Name": "ETag",
          "Value": "\"VnSL+hR1slyVGJmPbgR871mRtNeKwl5YS1tEGpFlps0=\""
        },
        {
          "Name": "Last-Modified",
          "Value": "Tue, 18 Mar 2025 08:49:32 GMT"
        },
        {
          "Name": "Vary",
          "Value": "Content-Encoding"
        }
      ],
      "EndpointProperties": [
        {
          "Name": "integrity",
          "Value": "sha256-VnSL+hR1slyVGJmPbgR871mRtNeKwl5YS1tEGpFlps0="
        }
      ]
    },
    {
      "Route": "images/logo.sblljt6ivy.svg",
      "AssetFile": "images/logo.svg.gz",
      "Selectors": [
        {
          "Name": "Content-Encoding",
          "Value": "gzip",
          "Quality": "0.001828153565"
        }
      ],
      "ResponseHeaders": [
        {
          "Name": "Accept-Ranges",
          "Value": "bytes"
        },
        {
          "Name": "Cache-Control",
          "Value": "max-age=31536000, immutable"
        },
        {
          "Name": "Content-Encoding",
          "Value": "gzip"
        },
        {
          "Name": "Content-Length",
          "Value": "546"
        },
        {
          "Name": "Content-Type",
          "Value": "image/svg+xml"
        },
        {
          "Name": "ETag",
          "Value": "\"frWHceRp1DWrM+JsZIDl+QZo2VQGGs68SVs9zbBt35A=\""
        },
        {
          "Name": "ETag",
          "Value": "W/\"OMa8zVjpjpFLh9o0IfJjZZgnq8qSBZYtMa/nFQdZxBk=\""
        },
        {
          "Name": "Last-Modified",
          "Value": "Tue, 18 Mar 2025 08:49:32 GMT"
        },
        {
          "Name": "Vary",
          "Value": "Content-Encoding"
        }
      ],
      "EndpointProperties": [
        {
          "Name": "fingerprint",
          "Value": "sblljt6ivy"
        },
        {
          "Name": "integrity",
          "Value": "sha256-OMa8zVjpjpFLh9o0IfJjZZgnq8qSBZYtMa/nFQdZxBk="
        },
        {
          "Name": "label",
          "Value": "images/logo.svg"
        }
      ]
    },
    {
      "Route": "images/logo.sblljt6ivy.svg",
      "AssetFile": "images/logo.svg.br",
      "Selectors": [
        {
          "Name": "Content-Encoding",
          "Value": "br",
          "Quality": "0.002040816327"
        }
      ],
      "ResponseHeaders": [
        {
          "Name": "Accept-Ranges",
          "Value": "bytes"
        },
        {
          "Name": "Cache-Control",
          "Value": "max-age=31536000, immutable"
        },
        {
          "Name": "Content-Encoding",
          "Value": "br"
        },
        {
          "Name": "Content-Length",
          "Value": "489"
        },
        {
          "Name": "Content-Type",
          "Value": "image/svg+xml"
        },
        {
          "Name": "ETag",
          "Value": "\"eE5vogUsNuLt1OWr1Njb0Fui8+7RS366+kCFJqfiUe4=\""
        },
        {
          "Name": "ETag",
          "Value": "W/\"OMa8zVjpjpFLh9o0IfJjZZgnq8qSBZYtMa/nFQdZxBk=\""
        },
        {
          "Name": "Last-Modified",
          "Value": "Tue, 18 Mar 2025 08:49:32 GMT"
        },
        {
          "Name": "Vary",
          "Value": "Content-Encoding"
        }
      ],
      "EndpointProperties": [
        {
          "Name": "fingerprint",
          "Value": "sblljt6ivy"
        },
        {
          "Name": "integrity",
          "Value": "sha256-OMa8zVjpjpFLh9o0IfJjZZgnq8qSBZYtMa/nFQdZxBk="
        },
        {
          "Name": "label",
          "Value": "images/logo.svg"
        }
      ]
    },
    {
      "Route": "images/logo.sblljt6ivy.svg",
      "AssetFile": "images/logo.svg",
      "Selectors": [],
      "ResponseHeaders": [
        {
          "Name": "Accept-Ranges",
          "Value": "bytes"
        },
        {
          "Name": "Cache-Control",
          "Value": "max-age=31536000, immutable"
        },
        {
          "Name": "Content-Length",
          "Value": "1041"
        },
        {
          "Name": "Content-Type",
          "Value": "image/svg+xml"
        },
        {
          "Name": "ETag",
          "Value": "\"OMa8zVjpjpFLh9o0IfJjZZgnq8qSBZYtMa/nFQdZxBk=\""
        },
        {
          "Name": "Last-Modified",
          "Value": "Tue, 18 Mar 2025 08:49:32 GMT"
        }
      ],
      "EndpointProperties": [
        {
          "Name": "fingerprint",
          "Value": "sblljt6ivy"
        },
        {
          "Name": "integrity",
          "Value": "sha256-OMa8zVjpjpFLh9o0IfJjZZgnq8qSBZYtMa/nFQdZxBk="
        },
        {
          "Name": "label",
          "Value": "images/logo.svg"
        }
      ]
    },
    {
      "Route": "images/logo.sblljt6ivy.svg.br",
      "AssetFile": "images/logo.svg.br",
      "Selectors": [],
      "ResponseHeaders": [
        {
          "Name": "Accept-Ranges",
          "Value": "bytes"
        },
        {
          "Name": "Cache-Control",
          "Value": "max-age=31536000, immutable"
        },
        {
          "Name": "Content-Encoding",
          "Value": "br"
        },
        {
          "Name": "Content-Length",
          "Value": "489"
        },
        {
          "Name": "Content-Type",
          "Value": "image/svg+xml"
        },
        {
          "Name": "ETag",
          "Value": "\"eE5vogUsNuLt1OWr1Njb0Fui8+7RS366+kCFJqfiUe4=\""
        },
        {
          "Name": "Last-Modified",
          "Value": "Tue, 18 Mar 2025 08:49:32 GMT"
        },
        {
          "Name": "Vary",
          "Value": "Content-Encoding"
        }
      ],
      "EndpointProperties": [
        {
          "Name": "fingerprint",
          "Value": "sblljt6ivy"
        },
        {
          "Name": "integrity",
          "Value": "sha256-eE5vogUsNuLt1OWr1Njb0Fui8+7RS366+kCFJqfiUe4="
        },
        {
          "Name": "label",
          "Value": "images/logo.svg.br"
        }
      ]
    },
    {
      "Route": "images/logo.sblljt6ivy.svg.gz",
      "AssetFile": "images/logo.svg.gz",
      "Selectors": [],
      "ResponseHeaders": [
        {
          "Name": "Accept-Ranges",
          "Value": "bytes"
        },
        {
          "Name": "Cache-Control",
          "Value": "max-age=31536000, immutable"
        },
        {
          "Name": "Content-Encoding",
          "Value": "gzip"
        },
        {
          "Name": "Content-Length",
          "Value": "546"
        },
        {
          "Name": "Content-Type",
          "Value": "image/svg+xml"
        },
        {
          "Name": "ETag",
          "Value": "\"frWHceRp1DWrM+JsZIDl+QZo2VQGGs68SVs9zbBt35A=\""
        },
        {
          "Name": "Last-Modified",
          "Value": "Tue, 18 Mar 2025 08:49:32 GMT"
        },
        {
          "Name": "Vary",
          "Value": "Content-Encoding"
        }
      ],
      "EndpointProperties": [
        {
          "Name": "fingerprint",
          "Value": "sblljt6ivy"
        },
        {
          "Name": "integrity",
          "Value": "sha256-frWHceRp1DWrM+JsZIDl+QZo2VQGGs68SVs9zbBt35A="
        },
        {
          "Name": "label",
          "Value": "images/logo.svg.gz"
        }
      ]
    },
    {
      "Route": "images/logo.svg",
      "AssetFile": "images/logo.svg.gz",
      "Selectors": [
        {
          "Name": "Content-Encoding",
          "Value": "gzip",
          "Quality": "0.001828153565"
        }
      ],
      "ResponseHeaders": [
        {
          "Name": "Accept-Ranges",
          "Value": "bytes"
        },
        {
          "Name": "Cache-Control",
          "Value": "no-cache"
        },
        {
          "Name": "Content-Encoding",
          "Value": "gzip"
        },
        {
          "Name": "Content-Length",
          "Value": "546"
        },
        {
          "Name": "Content-Type",
          "Value": "image/svg+xml"
        },
        {
          "Name": "ETag",
          "Value": "\"frWHceRp1DWrM+JsZIDl+QZo2VQGGs68SVs9zbBt35A=\""
        },
        {
          "Name": "ETag",
          "Value": "W/\"OMa8zVjpjpFLh9o0IfJjZZgnq8qSBZYtMa/nFQdZxBk=\""
        },
        {
          "Name": "Last-Modified",
          "Value": "Tue, 18 Mar 2025 08:49:32 GMT"
        },
        {
          "Name": "Vary",
          "Value": "Content-Encoding"
        }
      ],
      "EndpointProperties": [
        {
          "Name": "integrity",
          "Value": "sha256-OMa8zVjpjpFLh9o0IfJjZZgnq8qSBZYtMa/nFQdZxBk="
        }
      ]
    },
    {
      "Route": "images/logo.svg",
      "AssetFile": "images/logo.svg.br",
      "Selectors": [
        {
          "Name": "Content-Encoding",
          "Value": "br",
          "Quality": "0.002040816327"
        }
      ],
      "ResponseHeaders": [
        {
          "Name": "Accept-Ranges",
          "Value": "bytes"
        },
        {
          "Name": "Cache-Control",
          "Value": "no-cache"
        },
        {
          "Name": "Content-Encoding",
          "Value": "br"
        },
        {
          "Name": "Content-Length",
          "Value": "489"
        },
        {
          "Name": "Content-Type",
          "Value": "image/svg+xml"
        },
        {
          "Name": "ETag",
          "Value": "\"eE5vogUsNuLt1OWr1Njb0Fui8+7RS366+kCFJqfiUe4=\""
        },
        {
          "Name": "ETag",
          "Value": "W/\"OMa8zVjpjpFLh9o0IfJjZZgnq8qSBZYtMa/nFQdZxBk=\""
        },
        {
          "Name": "Last-Modified",
          "Value": "Tue, 18 Mar 2025 08:49:32 GMT"
        },
        {
          "Name": "Vary",
          "Value": "Content-Encoding"
        }
      ],
      "EndpointProperties": [
        {
          "Name": "integrity",
          "Value": "sha256-OMa8zVjpjpFLh9o0IfJjZZgnq8qSBZYtMa/nFQdZxBk="
        }
      ]
    },
    {
      "Route": "images/logo.svg",
      "AssetFile": "images/logo.svg",
      "Selectors": [],
      "ResponseHeaders": [
        {
          "Name": "Accept-Ranges",
          "Value": "bytes"
        },
        {
          "Name": "Cache-Control",
          "Value": "max-age=3600, must-revalidate"
        },
        {
          "Name": "Content-Length",
          "Value": "1041"
        },
        {
          "Name": "Content-Type",
          "Value": "image/svg+xml"
        },
        {
          "Name": "ETag",
          "Value": "\"OMa8zVjpjpFLh9o0IfJjZZgnq8qSBZYtMa/nFQdZxBk=\""
        },
        {
          "Name": "Last-Modified",
          "Value": "Tue, 18 Mar 2025 08:49:32 GMT"
        }
      ],
      "EndpointProperties": [
        {
          "Name": "integrity",
          "Value": "sha256-OMa8zVjpjpFLh9o0IfJjZZgnq8qSBZYtMa/nFQdZxBk="
        }
      ]
    },
    {
      "Route": "images/logo.svg.br",
      "AssetFile": "images/logo.svg.br",
      "Selectors": [],
      "ResponseHeaders": [
        {
          "Name": "Accept-Ranges",
          "Value": "bytes"
        },
        {
          "Name": "Cache-Control",
          "Value": "no-cache"
        },
        {
          "Name": "Content-Encoding",
          "Value": "br"
        },
        {
          "Name": "Content-Length",
          "Value": "489"
        },
        {
          "Name": "Content-Type",
          "Value": "image/svg+xml"
        },
        {
          "Name": "ETag",
          "Value": "\"eE5vogUsNuLt1OWr1Njb0Fui8+7RS366+kCFJqfiUe4=\""
        },
        {
          "Name": "Last-Modified",
          "Value": "Tue, 18 Mar 2025 08:49:32 GMT"
        },
        {
          "Name": "Vary",
          "Value": "Content-Encoding"
        }
      ],
      "EndpointProperties": [
        {
          "Name": "integrity",
          "Value": "sha256-eE5vogUsNuLt1OWr1Njb0Fui8+7RS366+kCFJqfiUe4="
        }
      ]
    },
    {
      "Route": "images/logo.svg.gz",
      "AssetFile": "images/logo.svg.gz",
      "Selectors": [],
      "ResponseHeaders": [
        {
          "Name": "Accept-Ranges",
          "Value": "bytes"
        },
        {
          "Name": "Cache-Control",
          "Value": "no-cache"
        },
        {
          "Name": "Content-Encoding",
          "Value": "gzip"
        },
        {
          "Name": "Content-Length",
          "Value": "546"
        },
        {
          "Name": "Content-Type",
          "Value": "image/svg+xml"
        },
        {
          "Name": "ETag",
          "Value": "\"frWHceRp1DWrM+JsZIDl+QZo2VQGGs68SVs9zbBt35A=\""
        },
        {
          "Name": "Last-Modified",
          "Value": "Tue, 18 Mar 2025 08:49:32 GMT"
        },
        {
          "Name": "Vary",
          "Value": "Content-Encoding"
        }
      ],
      "EndpointProperties": [
        {
          "Name": "integrity",
          "Value": "sha256-frWHceRp1DWrM+JsZIDl+QZo2VQGGs68SVs9zbBt35A="
        }
      ]
    },
    {
      "Route": "images/store.6tfblulhg5.webp",
      "AssetFile": "images/store.webp",
      "Selectors": [],
      "ResponseHeaders": [
        {
          "Name": "Accept-Ranges",
          "Value": "bytes"
        },
        {
          "Name": "Cache-Control",
          "Value": "max-age=31536000, immutable"
        },
        {
          "Name": "Content-Length",
          "Value": "119018"
        },
        {
          "Name": "Content-Type",
          "Value": "image/webp"
        },
        {
          "Name": "ETag",
          "Value": "\"Nt7rdHMshcujTwYs+ilZqEF7y5GkjUaJ4UTpXRLnJp8=\""
        },
        {
          "Name": "Last-Modified",
          "Value": "Tue, 18 Mar 2025 08:49:32 GMT"
        }
      ],
      "EndpointProperties": [
        {
          "Name": "fingerprint",
          "Value": "6tfblulhg5"
        },
        {
          "Name": "integrity",
          "Value": "sha256-Nt7rdHMshcujTwYs+ilZqEF7y5GkjUaJ4UTpXRLnJp8="
        },
        {
          "Name": "label",
          "Value": "images/store.webp"
        }
      ]
    },
    {
      "Route": "images/store.webp",
      "AssetFile": "images/store.webp",
      "Selectors": [],
      "ResponseHeaders": [
        {
          "Name": "Accept-Ranges",
          "Value": "bytes"
        },
        {
          "Name": "Cache-Control",
          "Value": "max-age=3600, must-revalidate"
        },
        {
          "Name": "Content-Length",
          "Value": "119018"
        },
        {
          "Name": "Content-Type",
          "Value": "image/webp"
        },
        {
          "Name": "ETag",
          "Value": "\"Nt7rdHMshcujTwYs+ilZqEF7y5GkjUaJ4UTpXRLnJp8=\""
        },
        {
          "Name": "Last-Modified",
          "Value": "Tue, 18 Mar 2025 08:49:32 GMT"
        }
      ],
      "EndpointProperties": [
        {
          "Name": "integrity",
          "Value": "sha256-Nt7rdHMshcujTwYs+ilZqEF7y5GkjUaJ4UTpXRLnJp8="
        }
      ]
    },
    {
      "Route": "js/storelocator.6p28yafri2.js",
      "AssetFile": "js/storelocator.js.gz",
      "Selectors": [
        {
          "Name": "Content-Encoding",
          "Value": "gzip",
          "Quality": "0.000129315919"
        }
      ],
      "ResponseHeaders": [
        {
          "Name": "Accept-Ranges",
          "Value": "bytes"
        },
        {
          "Name": "Cache-Control",
          "Value": "max-age=31536000, immutable"
        },
        {
          "Name": "Content-Encoding",
          "Value": "gzip"
        },
        {
          "Name": "Content-Length",
          "Value": "7732"
        },
        {
          "Name": "Content-Type",
          "Value": "text/javascript"
        },
        {
          "Name": "ETag",
          "Value": "\"O9KCp1weaMSqficKYwIt0/GmCAs0D1rlFrY8wUtqisI=\""
        },
        {
          "Name": "ETag",
          "Value": "W/\"qjlEnI0cwt0toEv381hMPi/CJmzwFYCpnCuWIyxf+kM=\""
        },
        {
          "Name": "Last-Modified",
          "Value": "Tue, 18 Mar 2025 12:30:49 GMT"
        },
        {
          "Name": "Vary",
          "Value": "Content-Encoding"
        }
      ],
      "EndpointProperties": [
        {
          "Name": "fingerprint",
          "Value": "6p28yafri2"
        },
        {
          "Name": "integrity",
          "Value": "sha256-qjlEnI0cwt0toEv381hMPi/CJmzwFYCpnCuWIyxf+kM="
        },
        {
          "Name": "label",
          "Value": "js/storelocator.js"
        }
      ]
    },
    {
      "Route": "js/storelocator.6p28yafri2.js",
      "AssetFile": "js/storelocator.js.br",
      "Selectors": [
        {
          "Name": "Content-Encoding",
          "Value": "br",
          "Quality": "0.000156128025"
        }
      ],
      "ResponseHeaders": [
        {
          "Name": "Accept-Ranges",
          "Value": "bytes"
        },
        {
          "Name": "Cache-Control",
          "Value": "max-age=31536000, immutable"
        },
        {
          "Name": "Content-Encoding",
          "Value": "br"
        },
        {
          "Name": "Content-Length",
          "Value": "6404"
        },
        {
          "Name": "Content-Type",
          "Value": "text/javascript"
        },
        {
          "Name": "ETag",
          "Value": "\"CeURUfoKRk7aXBavefdEwzkYZ44nmYHIArlvtCdL3ak=\""
        },
        {
          "Name": "ETag",
          "Value": "W/\"qjlEnI0cwt0toEv381hMPi/CJmzwFYCpnCuWIyxf+kM=\""
        },
        {
          "Name": "Last-Modified",
          "Value": "Tue, 18 Mar 2025 12:30:49 GMT"
        },
        {
          "Name": "Vary",
          "Value": "Content-Encoding"
        }
      ],
      "EndpointProperties": [
        {
          "Name": "fingerprint",
          "Value": "6p28yafri2"
        },
        {
          "Name": "integrity",
          "Value": "sha256-qjlEnI0cwt0toEv381hMPi/CJmzwFYCpnCuWIyxf+kM="
        },
        {
          "Name": "label",
          "Value": "js/storelocator.js"
        }
      ]
    },
    {
      "Route": "js/storelocator.6p28yafri2.js",
      "AssetFile": "js/storelocator.js",
      "Selectors": [],
      "ResponseHeaders": [
        {
          "Name": "Accept-Ranges",
          "Value": "bytes"
        },
        {
          "Name": "Cache-Control",
          "Value": "max-age=31536000, immutable"
        },
        {
          "Name": "Content-Length",
          "Value": "33227"
        },
        {
          "Name": "Content-Type",
          "Value": "text/javascript"
        },
        {
          "Name": "ETag",
          "Value": "\"qjlEnI0cwt0toEv381hMPi/CJmzwFYCpnCuWIyxf+kM=\""
        },
        {
          "Name": "Last-Modified",
          "Value": "Tue, 18 Mar 2025 12:30:49 GMT"
        }
      ],
      "EndpointProperties": [
        {
          "Name": "fingerprint",
          "Value": "6p28yafri2"
        },
        {
          "Name": "integrity",
          "Value": "sha256-qjlEnI0cwt0toEv381hMPi/CJmzwFYCpnCuWIyxf+kM="
        },
        {
          "Name": "label",
          "Value": "js/storelocator.js"
        }
      ]
    },
    {
      "Route": "js/storelocator.6p28yafri2.js.br",
      "AssetFile": "js/storelocator.js.br",
      "Selectors": [],
      "ResponseHeaders": [
        {
          "Name": "Accept-Ranges",
          "Value": "bytes"
        },
        {
          "Name": "Cache-Control",
          "Value": "max-age=31536000, immutable"
        },
        {
          "Name": "Content-Encoding",
          "Value": "br"
        },
        {
          "Name": "Content-Length",
          "Value": "6404"
        },
        {
          "Name": "Content-Type",
          "Value": "text/javascript"
        },
        {
          "Name": "ETag",
          "Value": "\"CeURUfoKRk7aXBavefdEwzkYZ44nmYHIArlvtCdL3ak=\""
        },
        {
          "Name": "Last-Modified",
          "Value": "Tue, 18 Mar 2025 12:30:49 GMT"
        },
        {
          "Name": "Vary",
          "Value": "Content-Encoding"
        }
      ],
      "EndpointProperties": [
        {
          "Name": "fingerprint",
          "Value": "6p28yafri2"
        },
        {
          "Name": "integrity",
          "Value": "sha256-CeURUfoKRk7aXBavefdEwzkYZ44nmYHIArlvtCdL3ak="
        },
        {
          "Name": "label",
          "Value": "js/storelocator.js.br"
        }
      ]
    },
    {
      "Route": "js/storelocator.6p28yafri2.js.gz",
      "AssetFile": "js/storelocator.js.gz",
      "Selectors": [],
      "ResponseHeaders": [
        {
          "Name": "Accept-Ranges",
          "Value": "bytes"
        },
        {
          "Name": "Cache-Control",
          "Value": "max-age=31536000, immutable"
        },
        {
          "Name": "Content-Encoding",
          "Value": "gzip"
        },
        {
          "Name": "Content-Length",
          "Value": "7732"
        },
        {
          "Name": "Content-Type",
          "Value": "text/javascript"
        },
        {
          "Name": "ETag",
          "Value": "\"O9KCp1weaMSqficKYwIt0/GmCAs0D1rlFrY8wUtqisI=\""
        },
        {
          "Name": "Last-Modified",
          "Value": "Tue, 18 Mar 2025 12:30:49 GMT"
        },
        {
          "Name": "Vary",
          "Value": "Content-Encoding"
        }
      ],
      "EndpointProperties": [
        {
          "Name": "fingerprint",
          "Value": "6p28yafri2"
        },
        {
          "Name": "integrity",
          "Value": "sha256-O9KCp1weaMSqficKYwIt0/GmCAs0D1rlFrY8wUtqisI="
        },
        {
          "Name": "label",
          "Value": "js/storelocator.js.gz"
        }
      ]
    },
    {
      "Route": "js/storelocator.js",
      "AssetFile": "js/storelocator.js.gz",
      "Selectors": [
        {
          "Name": "Content-Encoding",
          "Value": "gzip",
          "Quality": "0.000129315919"
        }
      ],
      "ResponseHeaders": [
        {
          "Name": "Accept-Ranges",
          "Value": "bytes"
        },
        {
          "Name": "Cache-Control",
          "Value": "no-cache"
        },
        {
          "Name": "Content-Encoding",
          "Value": "gzip"
        },
        {
          "Name": "Content-Length",
          "Value": "7732"
        },
        {
          "Name": "Content-Type",
          "Value": "text/javascript"
        },
        {
          "Name": "ETag",
          "Value": "\"O9KCp1weaMSqficKYwIt0/GmCAs0D1rlFrY8wUtqisI=\""
        },
        {
          "Name": "ETag",
          "Value": "W/\"qjlEnI0cwt0toEv381hMPi/CJmzwFYCpnCuWIyxf+kM=\""
        },
        {
          "Name": "Last-Modified",
          "Value": "Tue, 18 Mar 2025 12:30:49 GMT"
        },
        {
          "Name": "Vary",
          "Value": "Content-Encoding"
        }
      ],
      "EndpointProperties": [
        {
          "Name": "integrity",
          "Value": "sha256-qjlEnI0cwt0toEv381hMPi/CJmzwFYCpnCuWIyxf+kM="
        }
      ]
    },
    {
      "Route": "js/storelocator.js",
      "AssetFile": "js/storelocator.js.br",
      "Selectors": [
        {
          "Name": "Content-Encoding",
          "Value": "br",
          "Quality": "0.000156128025"
        }
      ],
      "ResponseHeaders": [
        {
          "Name": "Accept-Ranges",
          "Value": "bytes"
        },
        {
          "Name": "Cache-Control",
          "Value": "no-cache"
        },
        {
          "Name": "Content-Encoding",
          "Value": "br"
        },
        {
          "Name": "Content-Length",
          "Value": "6404"
        },
        {
          "Name": "Content-Type",
          "Value": "text/javascript"
        },
        {
          "Name": "ETag",
          "Value": "\"CeURUfoKRk7aXBavefdEwzkYZ44nmYHIArlvtCdL3ak=\""
        },
        {
          "Name": "ETag",
          "Value": "W/\"qjlEnI0cwt0toEv381hMPi/CJmzwFYCpnCuWIyxf+kM=\""
        },
        {
          "Name": "Last-Modified",
          "Value": "Tue, 18 Mar 2025 12:30:49 GMT"
        },
        {
          "Name": "Vary",
          "Value": "Content-Encoding"
        }
      ],
      "EndpointProperties": [
        {
          "Name": "integrity",
          "Value": "sha256-qjlEnI0cwt0toEv381hMPi/CJmzwFYCpnCuWIyxf+kM="
        }
      ]
    },
    {
      "Route": "js/storelocator.js",
      "AssetFile": "js/storelocator.js",
      "Selectors": [],
      "ResponseHeaders": [
        {
          "Name": "Accept-Ranges",
          "Value": "bytes"
        },
        {
          "Name": "Cache-Control",
          "Value": "no-cache"
        },
        {
          "Name": "Content-Length",
          "Value": "33227"
        },
        {
          "Name": "Content-Type",
          "Value": "text/javascript"
        },
        {
          "Name": "ETag",
          "Value": "\"qjlEnI0cwt0toEv381hMPi/CJmzwFYCpnCuWIyxf+kM=\""
        },
        {
          "Name": "Last-Modified",
          "Value": "Tue, 18 Mar 2025 12:30:49 GMT"
        }
      ],
      "EndpointProperties": [
        {
          "Name": "integrity",
          "Value": "sha256-qjlEnI0cwt0toEv381hMPi/CJmzwFYCpnCuWIyxf+kM="
        }
      ]
    },
    {
      "Route": "js/storelocator.js.br",
      "AssetFile": "js/storelocator.js.br",
      "Selectors": [],
      "ResponseHeaders": [
        {
          "Name": "Accept-Ranges",
          "Value": "bytes"
        },
        {
          "Name": "Cache-Control",
          "Value": "no-cache"
        },
        {
          "Name": "Content-Encoding",
          "Value": "br"
        },
        {
          "Name": "Content-Length",
          "Value": "6404"
        },
        {
          "Name": "Content-Type",
          "Value": "text/javascript"
        },
        {
          "Name": "ETag",
          "Value": "\"CeURUfoKRk7aXBavefdEwzkYZ44nmYHIArlvtCdL3ak=\""
        },
        {
          "Name": "Last-Modified",
          "Value": "Tue, 18 Mar 2025 12:30:49 GMT"
        },
        {
          "Name": "Vary",
          "Value": "Content-Encoding"
        }
      ],
      "EndpointProperties": [
        {
          "Name": "integrity",
          "Value": "sha256-CeURUfoKRk7aXBavefdEwzkYZ44nmYHIArlvtCdL3ak="
        }
      ]
    },
    {
      "Route": "js/storelocator.js.gz",
      "AssetFile": "js/storelocator.js.gz",
      "Selectors": [],
      "ResponseHeaders": [
        {
          "Name": "Accept-Ranges",
          "Value": "bytes"
        },
        {
          "Name": "Cache-Control",
          "Value": "no-cache"
        },
        {
          "Name": "Content-Encoding",
          "Value": "gzip"
        },
        {
          "Name": "Content-Length",
          "Value": "7732"
        },
        {
          "Name": "Content-Type",
          "Value": "text/javascript"
        },
        {
          "Name": "ETag",
          "Value": "\"O9KCp1weaMSqficKYwIt0/GmCAs0D1rlFrY8wUtqisI=\""
        },
        {
          "Name": "Last-Modified",
          "Value": "Tue, 18 Mar 2025 12:30:49 GMT"
        },
        {
          "Name": "Vary",
          "Value": "Content-Encoding"
        }
      ],
      "EndpointProperties": [
        {
          "Name": "integrity",
          "Value": "sha256-O9KCp1weaMSqficKYwIt0/GmCAs0D1rlFrY8wUtqisI="
        }
      ]
    },
    {
      "Route": "js/storelocator.min.js",
      "AssetFile": "js/storelocator.min.js.gz",
      "Selectors": [
        {
          "Name": "Content-Encoding",
          "Value": "gzip",
          "Quality": "0.000240269101"
        }
      ],
      "ResponseHeaders": [
        {
          "Name": "Accept-Ranges",
          "Value": "bytes"
        },
        {
          "Name": "Cache-Control",
          "Value": "no-cache"
        },
        {
          "Name": "Content-Encoding",
          "Value": "gzip"
        },
        {
          "Name": "Content-Length",
          "Value": "4161"
        },
        {
          "Name": "Content-Type",
          "Value": "text/javascript"
        },
        {
          "Name": "ETag",
          "Value": "\"4rt3/jXzdYjeGsn2WcYXA1cA3hiUG6zutPqM9M4PQLE=\""
        },
        {
          "Name": "ETag",
          "Value": "W/\"DcZfehFWxGk02QiY1VzWXx8a1oYwICLmF4tEM+VAn+0=\""
        },
        {
          "Name": "Last-Modified",
          "Value": "Tue, 18 Mar 2025 12:30:50 GMT"
        },
        {
          "Name": "Vary",
          "Value": "Content-Encoding"
        }
      ],
      "EndpointProperties": [
        {
          "Name": "integrity",
          "Value": "sha256-DcZfehFWxGk02QiY1VzWXx8a1oYwICLmF4tEM+VAn+0="
        }
      ]
    },
    {
      "Route": "js/storelocator.min.js",
      "AssetFile": "js/storelocator.min.js.br",
      "Selectors": [
        {
          "Name": "Content-Encoding",
          "Value": "br",
          "Quality": "0.000282406100"
        }
      ],
      "ResponseHeaders": [
        {
          "Name": "Accept-Ranges",
          "Value": "bytes"
        },
        {
          "Name": "Cache-Control",
          "Value": "no-cache"
        },
        {
          "Name": "Content-Encoding",
          "Value": "br"
        },
        {
          "Name": "Content-Length",
          "Value": "3540"
        },
        {
          "Name": "Content-Type",
          "Value": "text/javascript"
        },
        {
          "Name": "ETag",
          "Value": "\"Gzdx7EScHFo0g57rE0muqio/6AibZMUyZHH7nJxSrgA=\""
        },
        {
          "Name": "ETag",
          "Value": "W/\"DcZfehFWxGk02QiY1VzWXx8a1oYwICLmF4tEM+VAn+0=\""
        },
        {
          "Name": "Last-Modified",
          "Value": "Tue, 18 Mar 2025 12:30:50 GMT"
        },
        {
          "Name": "Vary",
          "Value": "Content-Encoding"
        }
      ],
      "EndpointProperties": [
        {
          "Name": "integrity",
          "Value": "sha256-DcZfehFWxGk02QiY1VzWXx8a1oYwICLmF4tEM+VAn+0="
        }
      ]
    },
    {
      "Route": "js/storelocator.min.js",
      "AssetFile": "js/storelocator.min.js",
      "Selectors": [],
      "ResponseHeaders": [
        {
          "Name": "Accept-Ranges",
          "Value": "bytes"
        },
        {
          "Name": "Cache-Control",
          "Value": "no-cache"
        },
        {
          "Name": "Content-Length",
          "Value": "13756"
        },
        {
          "Name": "Content-Type",
          "Value": "text/javascript"
        },
        {
          "Name": "ETag",
          "Value": "\"DcZfehFWxGk02QiY1VzWXx8a1oYwICLmF4tEM+VAn+0=\""
        },
        {
          "Name": "Last-Modified",
          "Value": "Tue, 18 Mar 2025 12:30:50 GMT"
        }
      ],
      "EndpointProperties": [
        {
          "Name": "integrity",
          "Value": "sha256-DcZfehFWxGk02QiY1VzWXx8a1oYwICLmF4tEM+VAn+0="
        }
      ]
    },
    {
      "Route": "js/storelocator.min.js.br",
      "AssetFile": "js/storelocator.min.js.br",
      "Selectors": [],
      "ResponseHeaders": [
        {
          "Name": "Accept-Ranges",
          "Value": "bytes"
        },
        {
          "Name": "Cache-Control",
          "Value": "no-cache"
        },
        {
          "Name": "Content-Encoding",
          "Value": "br"
        },
        {
          "Name": "Content-Length",
          "Value": "3540"
        },
        {
          "Name": "Content-Type",
          "Value": "text/javascript"
        },
        {
          "Name": "ETag",
          "Value": "\"Gzdx7EScHFo0g57rE0muqio/6AibZMUyZHH7nJxSrgA=\""
        },
        {
          "Name": "Last-Modified",
          "Value": "Tue, 18 Mar 2025 12:30:50 GMT"
        },
        {
          "Name": "Vary",
          "Value": "Content-Encoding"
        }
      ],
      "EndpointProperties": [
        {
          "Name": "integrity",
          "Value": "sha256-Gzdx7EScHFo0g57rE0muqio/6AibZMUyZHH7nJxSrgA="
        }
      ]
    },
    {
      "Route": "js/storelocator.min.js.gz",
      "AssetFile": "js/storelocator.min.js.gz",
      "Selectors": [],
      "ResponseHeaders": [
        {
          "Name": "Accept-Ranges",
          "Value": "bytes"
        },
        {
          "Name": "Cache-Control",
          "Value": "no-cache"
        },
        {
          "Name": "Content-Encoding",
          "Value": "gzip"
        },
        {
          "Name": "Content-Length",
          "Value": "4161"
        },
        {
          "Name": "Content-Type",
          "Value": "text/javascript"
        },
        {
          "Name": "ETag",
          "Value": "\"4rt3/jXzdYjeGsn2WcYXA1cA3hiUG6zutPqM9M4PQLE=\""
        },
        {
          "Name": "Last-Modified",
          "Value": "Tue, 18 Mar 2025 12:30:50 GMT"
        },
        {
          "Name": "Vary",
          "Value": "Content-Encoding"
        }
      ],
      "EndpointProperties": [
        {
          "Name": "integrity",
          "Value": "sha256-4rt3/jXzdYjeGsn2WcYXA1cA3hiUG6zutPqM9M4PQLE="
        }
      ]
    },
    {
      "Route": "js/storelocator.min.t0zfvyauyr.js",
      "AssetFile": "js/storelocator.min.js.gz",
      "Selectors": [
        {
          "Name": "Content-Encoding",
          "Value": "gzip",
          "Quality": "0.000240269101"
        }
      ],
      "ResponseHeaders": [
        {
          "Name": "Accept-Ranges",
          "Value": "bytes"
        },
        {
          "Name": "Cache-Control",
          "Value": "max-age=31536000, immutable"
        },
        {
          "Name": "Content-Encoding",
          "Value": "gzip"
        },
        {
          "Name": "Content-Length",
          "Value": "4161"
        },
        {
          "Name": "Content-Type",
          "Value": "text/javascript"
        },
        {
          "Name": "ETag",
          "Value": "\"4rt3/jXzdYjeGsn2WcYXA1cA3hiUG6zutPqM9M4PQLE=\""
        },
        {
          "Name": "ETag",
          "Value": "W/\"DcZfehFWxGk02QiY1VzWXx8a1oYwICLmF4tEM+VAn+0=\""
        },
        {
          "Name": "Last-Modified",
          "Value": "Tue, 18 Mar 2025 12:30:50 GMT"
        },
        {
          "Name": "Vary",
          "Value": "Content-Encoding"
        }
      ],
      "EndpointProperties": [
        {
          "Name": "fingerprint",
          "Value": "t0zfvyauyr"
        },
        {
          "Name": "integrity",
          "Value": "sha256-DcZfehFWxGk02QiY1VzWXx8a1oYwICLmF4tEM+VAn+0="
        },
        {
          "Name": "label",
          "Value": "js/storelocator.min.js"
        }
      ]
    },
    {
      "Route": "js/storelocator.min.t0zfvyauyr.js",
      "AssetFile": "js/storelocator.min.js.br",
      "Selectors": [
        {
          "Name": "Content-Encoding",
          "Value": "br",
          "Quality": "0.000282406100"
        }
      ],
      "ResponseHeaders": [
        {
          "Name": "Accept-Ranges",
          "Value": "bytes"
        },
        {
          "Name": "Cache-Control",
          "Value": "max-age=31536000, immutable"
        },
        {
          "Name": "Content-Encoding",
          "Value": "br"
        },
        {
          "Name": "Content-Length",
          "Value": "3540"
        },
        {
          "Name": "Content-Type",
          "Value": "text/javascript"
        },
        {
          "Name": "ETag",
          "Value": "\"Gzdx7EScHFo0g57rE0muqio/6AibZMUyZHH7nJxSrgA=\""
        },
        {
          "Name": "ETag",
          "Value": "W/\"DcZfehFWxGk02QiY1VzWXx8a1oYwICLmF4tEM+VAn+0=\""
        },
        {
          "Name": "Last-Modified",
          "Value": "Tue, 18 Mar 2025 12:30:50 GMT"
        },
        {
          "Name": "Vary",
          "Value": "Content-Encoding"
        }
      ],
      "EndpointProperties": [
        {
          "Name": "fingerprint",
          "Value": "t0zfvyauyr"
        },
        {
          "Name": "integrity",
          "Value": "sha256-DcZfehFWxGk02QiY1VzWXx8a1oYwICLmF4tEM+VAn+0="
        },
        {
          "Name": "label",
          "Value": "js/storelocator.min.js"
        }
      ]
    },
    {
      "Route": "js/storelocator.min.t0zfvyauyr.js",
      "AssetFile": "js/storelocator.min.js",
      "Selectors": [],
      "ResponseHeaders": [
        {
          "Name": "Accept-Ranges",
          "Value": "bytes"
        },
        {
          "Name": "Cache-Control",
          "Value": "max-age=31536000, immutable"
        },
        {
          "Name": "Content-Length",
          "Value": "13756"
        },
        {
          "Name": "Content-Type",
          "Value": "text/javascript"
        },
        {
          "Name": "ETag",
          "Value": "\"DcZfehFWxGk02QiY1VzWXx8a1oYwICLmF4tEM+VAn+0=\""
        },
        {
          "Name": "Last-Modified",
          "Value": "Tue, 18 Mar 2025 12:30:50 GMT"
        }
      ],
      "EndpointProperties": [
        {
          "Name": "fingerprint",
          "Value": "t0zfvyauyr"
        },
        {
          "Name": "integrity",
          "Value": "sha256-DcZfehFWxGk02QiY1VzWXx8a1oYwICLmF4tEM+VAn+0="
        },
        {
          "Name": "label",
          "Value": "js/storelocator.min.js"
        }
      ]
    },
    {
      "Route": "js/storelocator.min.t0zfvyauyr.js.br",
      "AssetFile": "js/storelocator.min.js.br",
      "Selectors": [],
      "ResponseHeaders": [
        {
          "Name": "Accept-Ranges",
          "Value": "bytes"
        },
        {
          "Name": "Cache-Control",
          "Value": "max-age=31536000, immutable"
        },
        {
          "Name": "Content-Encoding",
          "Value": "br"
        },
        {
          "Name": "Content-Length",
          "Value": "3540"
        },
        {
          "Name": "Content-Type",
          "Value": "text/javascript"
        },
        {
          "Name": "ETag",
          "Value": "\"Gzdx7EScHFo0g57rE0muqio/6AibZMUyZHH7nJxSrgA=\""
        },
        {
          "Name": "Last-Modified",
          "Value": "Tue, 18 Mar 2025 12:30:50 GMT"
        },
        {
          "Name": "Vary",
          "Value": "Content-Encoding"
        }
      ],
      "EndpointProperties": [
        {
          "Name": "fingerprint",
          "Value": "t0zfvyauyr"
        },
        {
          "Name": "integrity",
          "Value": "sha256-Gzdx7EScHFo0g57rE0muqio/6AibZMUyZHH7nJxSrgA="
        },
        {
          "Name": "label",
          "Value": "js/storelocator.min.js.br"
        }
      ]
    },
    {
      "Route": "js/storelocator.min.t0zfvyauyr.js.gz",
      "AssetFile": "js/storelocator.min.js.gz",
      "Selectors": [],
      "ResponseHeaders": [
        {
          "Name": "Accept-Ranges",
          "Value": "bytes"
        },
        {
          "Name": "Cache-Control",
          "Value": "max-age=31536000, immutable"
        },
        {
          "Name": "Content-Encoding",
          "Value": "gzip"
        },
        {
          "Name": "Content-Length",
          "Value": "4161"
        },
        {
          "Name": "Content-Type",
          "Value": "text/javascript"
        },
        {
          "Name": "ETag",
          "Value": "\"4rt3/jXzdYjeGsn2WcYXA1cA3hiUG6zutPqM9M4PQLE=\""
        },
        {
          "Name": "Last-Modified",
          "Value": "Tue, 18 Mar 2025 12:30:50 GMT"
        },
        {
          "Name": "Vary",
          "Value": "Content-Encoding"
        }
      ],
      "EndpointProperties": [
        {
          "Name": "fingerprint",
          "Value": "t0zfvyauyr"
        },
        {
          "Name": "integrity",
          "Value": "sha256-4rt3/jXzdYjeGsn2WcYXA1cA3hiUG6zutPqM9M4PQLE="
        },
        {
          "Name": "label",
          "Value": "js/storelocator.min.js.gz"
        }
      ]
    },
    {
      "Route": "styles/btn-toggle.css",
      "AssetFile": "styles/btn-toggle.css.br",
      "Selectors": [
        {
          "Name": "Content-Encoding",
          "Value": "br",
          "Quality": "0.002145922747"
        }
      ],
      "ResponseHeaders": [
        {
          "Name": "Accept-Ranges",
          "Value": "bytes"
        },
        {
          "Name": "Cache-Control",
          "Value": "no-cache"
        },
        {
          "Name": "Content-Encoding",
          "Value": "br"
        },
        {
          "Name": "Content-Length",
          "Value": "465"
        },
        {
          "Name": "Content-Type",
          "Value": "text/css"
        },
        {
          "Name": "ETag",
          "Value": "\"BX+/yH8tVpy6bEo7g2IPtvEIDfz4dToLrJbzDG6jEY0=\""
        },
        {
          "Name": "ETag",
          "Value": "W/\"75/Z0m0ZL0rsMHX8H0kI5MOcj9lp/dc4d9w/knK8iC4=\""
        },
        {
          "Name": "Last-Modified",
          "Value": "Tue, 18 Mar 2025 08:49:32 GMT"
        },
        {
          "Name": "Vary",
          "Value": "Content-Encoding"
        }
      ],
      "EndpointProperties": [
        {
          "Name": "integrity",
          "Value": "sha256-75/Z0m0ZL0rsMHX8H0kI5MOcj9lp/dc4d9w/knK8iC4="
        }
      ]
    },
    {
      "Route": "styles/btn-toggle.css",
      "AssetFile": "styles/btn-toggle.css.gz",
      "Selectors": [
        {
          "Name": "Content-Encoding",
          "Value": "gzip",
          "Quality": "0.001838235294"
        }
      ],
      "ResponseHeaders": [
        {
          "Name": "Accept-Ranges",
          "Value": "bytes"
        },
        {
          "Name": "Cache-Control",
          "Value": "no-cache"
        },
        {
          "Name": "Content-Encoding",
          "Value": "gzip"
        },
        {
          "Name": "Content-Length",
          "Value": "543"
        },
        {
          "Name": "Content-Type",
          "Value": "text/css"
        },
        {
          "Name": "ETag",
          "Value": "\"Vc4Zb/FsHn9uWYfatlnXSg55fcwxEfQI2Ffdud0/G1E=\""
        },
        {
          "Name": "ETag",
          "Value": "W/\"75/Z0m0ZL0rsMHX8H0kI5MOcj9lp/dc4d9w/knK8iC4=\""
        },
        {
          "Name": "Last-Modified",
          "Value": "Tue, 18 Mar 2025 08:49:32 GMT"
        },
        {
          "Name": "Vary",
          "Value": "Content-Encoding"
        }
      ],
      "EndpointProperties": [
        {
          "Name": "integrity",
          "Value": "sha256-75/Z0m0ZL0rsMHX8H0kI5MOcj9lp/dc4d9w/knK8iC4="
        }
      ]
    },
    {
      "Route": "styles/btn-toggle.css",
      "AssetFile": "styles/btn-toggle.css",
      "Selectors": [],
      "ResponseHeaders": [
        {
          "Name": "Accept-Ranges",
          "Value": "bytes"
        },
        {
          "Name": "Cache-Control",
          "Value": "no-cache"
        },
        {
          "Name": "Content-Length",
          "Value": "1497"
        },
        {
          "Name": "Content-Type",
          "Value": "text/css"
        },
        {
          "Name": "ETag",
          "Value": "\"75/Z0m0ZL0rsMHX8H0kI5MOcj9lp/dc4d9w/knK8iC4=\""
        },
        {
          "Name": "Last-Modified",
          "Value": "Tue, 18 Mar 2025 08:49:32 GMT"
        }
      ],
      "EndpointProperties": [
        {
          "Name": "integrity",
          "Value": "sha256-75/Z0m0ZL0rsMHX8H0kI5MOcj9lp/dc4d9w/knK8iC4="
        }
      ]
    },
    {
      "Route": "styles/btn-toggle.css.br",
      "AssetFile": "styles/btn-toggle.css.br",
      "Selectors": [],
      "ResponseHeaders": [
        {
          "Name": "Accept-Ranges",
          "Value": "bytes"
        },
        {
          "Name": "Cache-Control",
          "Value": "no-cache"
        },
        {
          "Name": "Content-Encoding",
          "Value": "br"
        },
        {
          "Name": "Content-Length",
          "Value": "465"
        },
        {
          "Name": "Content-Type",
          "Value": "text/css"
        },
        {
          "Name": "ETag",
          "Value": "\"BX+/yH8tVpy6bEo7g2IPtvEIDfz4dToLrJbzDG6jEY0=\""
        },
        {
          "Name": "Last-Modified",
          "Value": "Tue, 18 Mar 2025 08:49:32 GMT"
        },
        {
          "Name": "Vary",
          "Value": "Content-Encoding"
        }
      ],
      "EndpointProperties": [
        {
          "Name": "integrity",
          "Value": "sha256-BX+/yH8tVpy6bEo7g2IPtvEIDfz4dToLrJbzDG6jEY0="
        }
      ]
    },
    {
      "Route": "styles/btn-toggle.css.gz",
      "AssetFile": "styles/btn-toggle.css.gz",
      "Selectors": [],
      "ResponseHeaders": [
        {
          "Name": "Accept-Ranges",
          "Value": "bytes"
        },
        {
          "Name": "Cache-Control",
          "Value": "no-cache"
        },
        {
          "Name": "Content-Encoding",
          "Value": "gzip"
        },
        {
          "Name": "Content-Length",
          "Value": "543"
        },
        {
          "Name": "Content-Type",
          "Value": "text/css"
        },
        {
          "Name": "ETag",
          "Value": "\"Vc4Zb/FsHn9uWYfatlnXSg55fcwxEfQI2Ffdud0/G1E=\""
        },
        {
          "Name": "Last-Modified",
          "Value": "Tue, 18 Mar 2025 08:49:32 GMT"
        },
        {
          "Name": "Vary",
          "Value": "Content-Encoding"
        }
      ],
      "EndpointProperties": [
        {
          "Name": "integrity",
          "Value": "sha256-Vc4Zb/FsHn9uWYfatlnXSg55fcwxEfQI2Ffdud0/G1E="
        }
      ]
    },
    {
      "Route": "styles/btn-toggle.min.css",
      "AssetFile": "styles/btn-toggle.min.css.br",
      "Selectors": [
        {
          "Name": "Content-Encoding",
          "Value": "br",
          "Quality": "0.002481389578"
        }
      ],
      "ResponseHeaders": [
        {
          "Name": "Accept-Ranges",
          "Value": "bytes"
        },
        {
          "Name": "Cache-Control",
          "Value": "no-cache"
        },
        {
          "Name": "Content-Encoding",
          "Value": "br"
        },
        {
          "Name": "Content-Length",
          "Value": "402"
        },
        {
          "Name": "Content-Type",
          "Value": "text/css"
        },
        {
          "Name": "ETag",
          "Value": "\"T1sBNWAlE4ixn2+dDY5zaCTB60NnfDKci1m9wXM2n4s=\""
        },
        {
          "Name": "ETag",
          "Value": "W/\"HVJj2cPawR5gm6vSgM8Yr7Kzl1mKq4k8cWUB0ftrGSk=\""
        },
        {
          "Name": "Last-Modified",
          "Value": "Tue, 18 Mar 2025 08:49:32 GMT"
        },
        {
          "Name": "Vary",
          "Value": "Content-Encoding"
        }
      ],
      "EndpointProperties": [
        {
          "Name": "integrity",
          "Value": "sha256-HVJj2cPawR5gm6vSgM8Yr7Kzl1mKq4k8cWUB0ftrGSk="
        }
      ]
    },
    {
      "Route": "styles/btn-toggle.min.css",
      "AssetFile": "styles/btn-toggle.min.css.gz",
      "Selectors": [
        {
          "Name": "Content-Encoding",
          "Value": "gzip",
          "Quality": "0.002044989775"
        }
      ],
      "ResponseHeaders": [
        {
          "Name": "Accept-Ranges",
          "Value": "bytes"
        },
        {
          "Name": "Cache-Control",
          "Value": "no-cache"
        },
        {
          "Name": "Content-Encoding",
          "Value": "gzip"
        },
        {
          "Name": "Content-Length",
          "Value": "488"
        },
        {
          "Name": "Content-Type",
          "Value": "text/css"
        },
        {
          "Name": "ETag",
          "Value": "\"2FBWxdqfbhMa70lnUGEfUgHTBrawAUrFEH/9mvON+kI=\""
        },
        {
          "Name": "ETag",
          "Value": "W/\"HVJj2cPawR5gm6vSgM8Yr7Kzl1mKq4k8cWUB0ftrGSk=\""
        },
        {
          "Name": "Last-Modified",
          "Value": "Tue, 18 Mar 2025 08:49:32 GMT"
        },
        {
          "Name": "Vary",
          "Value": "Content-Encoding"
        }
      ],
      "EndpointProperties": [
        {
          "Name": "integrity",
          "Value": "sha256-HVJj2cPawR5gm6vSgM8Yr7Kzl1mKq4k8cWUB0ftrGSk="
        }
      ]
    },
    {
      "Route": "styles/btn-toggle.min.css",
      "AssetFile": "styles/btn-toggle.min.css",
      "Selectors": [],
      "ResponseHeaders": [
        {
          "Name": "Accept-Ranges",
          "Value": "bytes"
        },
        {
          "Name": "Cache-Control",
          "Value": "no-cache"
        },
        {
          "Name": "Content-Length",
          "Value": "1224"
        },
        {
          "Name": "Content-Type",
          "Value": "text/css"
        },
        {
          "Name": "ETag",
          "Value": "\"HVJj2cPawR5gm6vSgM8Yr7Kzl1mKq4k8cWUB0ftrGSk=\""
        },
        {
          "Name": "Last-Modified",
          "Value": "Tue, 18 Mar 2025 08:49:32 GMT"
        }
      ],
      "EndpointProperties": [
        {
          "Name": "integrity",
          "Value": "sha256-HVJj2cPawR5gm6vSgM8Yr7Kzl1mKq4k8cWUB0ftrGSk="
        }
      ]
    },
    {
      "Route": "styles/btn-toggle.min.css.br",
      "AssetFile": "styles/btn-toggle.min.css.br",
      "Selectors": [],
      "ResponseHeaders": [
        {
          "Name": "Accept-Ranges",
          "Value": "bytes"
        },
        {
          "Name": "Cache-Control",
          "Value": "no-cache"
        },
        {
          "Name": "Content-Encoding",
          "Value": "br"
        },
        {
          "Name": "Content-Length",
          "Value": "402"
        },
        {
          "Name": "Content-Type",
          "Value": "text/css"
        },
        {
          "Name": "ETag",
          "Value": "\"T1sBNWAlE4ixn2+dDY5zaCTB60NnfDKci1m9wXM2n4s=\""
        },
        {
          "Name": "Last-Modified",
          "Value": "Tue, 18 Mar 2025 08:49:32 GMT"
        },
        {
          "Name": "Vary",
          "Value": "Content-Encoding"
        }
      ],
      "EndpointProperties": [
        {
          "Name": "integrity",
          "Value": "sha256-T1sBNWAlE4ixn2+dDY5zaCTB60NnfDKci1m9wXM2n4s="
        }
      ]
    },
    {
      "Route": "styles/btn-toggle.min.css.gz",
      "AssetFile": "styles/btn-toggle.min.css.gz",
      "Selectors": [],
      "ResponseHeaders": [
        {
          "Name": "Accept-Ranges",
          "Value": "bytes"
        },
        {
          "Name": "Cache-Control",
          "Value": "no-cache"
        },
        {
          "Name": "Content-Encoding",
          "Value": "gzip"
        },
        {
          "Name": "Content-Length",
          "Value": "488"
        },
        {
          "Name": "Content-Type",
          "Value": "text/css"
        },
        {
          "Name": "ETag",
          "Value": "\"2FBWxdqfbhMa70lnUGEfUgHTBrawAUrFEH/9mvON+kI=\""
        },
        {
          "Name": "Last-Modified",
          "Value": "Tue, 18 Mar 2025 08:49:32 GMT"
        },
        {
          "Name": "Vary",
          "Value": "Content-Encoding"
        }
      ],
      "EndpointProperties": [
        {
          "Name": "integrity",
          "Value": "sha256-2FBWxdqfbhMa70lnUGEfUgHTBrawAUrFEH/9mvON+kI="
        }
      ]
    },
    {
      "Route": "styles/btn-toggle.min.dsup6xw49l.css",
      "AssetFile": "styles/btn-toggle.min.css.br",
      "Selectors": [
        {
          "Name": "Content-Encoding",
          "Value": "br",
          "Quality": "0.002481389578"
        }
      ],
      "ResponseHeaders": [
        {
          "Name": "Accept-Ranges",
          "Value": "bytes"
        },
        {
          "Name": "Cache-Control",
          "Value": "max-age=31536000, immutable"
        },
        {
          "Name": "Content-Encoding",
          "Value": "br"
        },
        {
          "Name": "Content-Length",
          "Value": "402"
        },
        {
          "Name": "Content-Type",
          "Value": "text/css"
        },
        {
          "Name": "ETag",
          "Value": "\"T1sBNWAlE4ixn2+dDY5zaCTB60NnfDKci1m9wXM2n4s=\""
        },
        {
          "Name": "ETag",
          "Value": "W/\"HVJj2cPawR5gm6vSgM8Yr7Kzl1mKq4k8cWUB0ftrGSk=\""
        },
        {
          "Name": "Last-Modified",
          "Value": "Tue, 18 Mar 2025 08:49:32 GMT"
        },
        {
          "Name": "Vary",
          "Value": "Content-Encoding"
        }
      ],
      "EndpointProperties": [
        {
          "Name": "fingerprint",
          "Value": "dsup6xw49l"
        },
        {
          "Name": "integrity",
          "Value": "sha256-HVJj2cPawR5gm6vSgM8Yr7Kzl1mKq4k8cWUB0ftrGSk="
        },
        {
          "Name": "label",
          "Value": "styles/btn-toggle.min.css"
        }
      ]
    },
    {
      "Route": "styles/btn-toggle.min.dsup6xw49l.css",
      "AssetFile": "styles/btn-toggle.min.css.gz",
      "Selectors": [
        {
          "Name": "Content-Encoding",
          "Value": "gzip",
          "Quality": "0.002044989775"
        }
      ],
      "ResponseHeaders": [
        {
          "Name": "Accept-Ranges",
          "Value": "bytes"
        },
        {
          "Name": "Cache-Control",
          "Value": "max-age=31536000, immutable"
        },
        {
          "Name": "Content-Encoding",
          "Value": "gzip"
        },
        {
          "Name": "Content-Length",
          "Value": "488"
        },
        {
          "Name": "Content-Type",
          "Value": "text/css"
        },
        {
          "Name": "ETag",
          "Value": "\"2FBWxdqfbhMa70lnUGEfUgHTBrawAUrFEH/9mvON+kI=\""
        },
        {
          "Name": "ETag",
          "Value": "W/\"HVJj2cPawR5gm6vSgM8Yr7Kzl1mKq4k8cWUB0ftrGSk=\""
        },
        {
          "Name": "Last-Modified",
          "Value": "Tue, 18 Mar 2025 08:49:32 GMT"
        },
        {
          "Name": "Vary",
          "Value": "Content-Encoding"
        }
      ],
      "EndpointProperties": [
        {
          "Name": "fingerprint",
          "Value": "dsup6xw49l"
        },
        {
          "Name": "integrity",
          "Value": "sha256-HVJj2cPawR5gm6vSgM8Yr7Kzl1mKq4k8cWUB0ftrGSk="
        },
        {
          "Name": "label",
          "Value": "styles/btn-toggle.min.css"
        }
      ]
    },
    {
      "Route": "styles/btn-toggle.min.dsup6xw49l.css",
      "AssetFile": "styles/btn-toggle.min.css",
      "Selectors": [],
      "ResponseHeaders": [
        {
          "Name": "Accept-Ranges",
          "Value": "bytes"
        },
        {
          "Name": "Cache-Control",
          "Value": "max-age=31536000, immutable"
        },
        {
          "Name": "Content-Length",
          "Value": "1224"
        },
        {
          "Name": "Content-Type",
          "Value": "text/css"
        },
        {
          "Name": "ETag",
          "Value": "\"HVJj2cPawR5gm6vSgM8Yr7Kzl1mKq4k8cWUB0ftrGSk=\""
        },
        {
          "Name": "Last-Modified",
          "Value": "Tue, 18 Mar 2025 08:49:32 GMT"
        }
      ],
      "EndpointProperties": [
        {
          "Name": "fingerprint",
          "Value": "dsup6xw49l"
        },
        {
          "Name": "integrity",
          "Value": "sha256-HVJj2cPawR5gm6vSgM8Yr7Kzl1mKq4k8cWUB0ftrGSk="
        },
        {
          "Name": "label",
          "Value": "styles/btn-toggle.min.css"
        }
      ]
    },
    {
      "Route": "styles/btn-toggle.min.dsup6xw49l.css.br",
      "AssetFile": "styles/btn-toggle.min.css.br",
      "Selectors": [],
      "ResponseHeaders": [
        {
          "Name": "Accept-Ranges",
          "Value": "bytes"
        },
        {
          "Name": "Cache-Control",
          "Value": "max-age=31536000, immutable"
        },
        {
          "Name": "Content-Encoding",
          "Value": "br"
        },
        {
          "Name": "Content-Length",
          "Value": "402"
        },
        {
          "Name": "Content-Type",
          "Value": "text/css"
        },
        {
          "Name": "ETag",
          "Value": "\"T1sBNWAlE4ixn2+dDY5zaCTB60NnfDKci1m9wXM2n4s=\""
        },
        {
          "Name": "Last-Modified",
          "Value": "Tue, 18 Mar 2025 08:49:32 GMT"
        },
        {
          "Name": "Vary",
          "Value": "Content-Encoding"
        }
      ],
      "EndpointProperties": [
        {
          "Name": "fingerprint",
          "Value": "dsup6xw49l"
        },
        {
          "Name": "integrity",
          "Value": "sha256-T1sBNWAlE4ixn2+dDY5zaCTB60NnfDKci1m9wXM2n4s="
        },
        {
          "Name": "label",
          "Value": "styles/btn-toggle.min.css.br"
        }
      ]
    },
    {
      "Route": "styles/btn-toggle.min.dsup6xw49l.css.gz",
      "AssetFile": "styles/btn-toggle.min.css.gz",
      "Selectors": [],
      "ResponseHeaders": [
        {
          "Name": "Accept-Ranges",
          "Value": "bytes"
        },
        {
          "Name": "Cache-Control",
          "Value": "max-age=31536000, immutable"
        },
        {
          "Name": "Content-Encoding",
          "Value": "gzip"
        },
        {
          "Name": "Content-Length",
          "Value": "488"
        },
        {
          "Name": "Content-Type",
          "Value": "text/css"
        },
        {
          "Name": "ETag",
          "Value": "\"2FBWxdqfbhMa70lnUGEfUgHTBrawAUrFEH/9mvON+kI=\""
        },
        {
          "Name": "Last-Modified",
          "Value": "Tue, 18 Mar 2025 08:49:32 GMT"
        },
        {
          "Name": "Vary",
          "Value": "Content-Encoding"
        }
      ],
      "EndpointProperties": [
        {
          "Name": "fingerprint",
          "Value": "dsup6xw49l"
        },
        {
          "Name": "integrity",
          "Value": "sha256-2FBWxdqfbhMa70lnUGEfUgHTBrawAUrFEH/9mvON+kI="
        },
        {
          "Name": "label",
          "Value": "styles/btn-toggle.min.css.gz"
        }
      ]
    },
    {
      "Route": "styles/btn-toggle.tpzp7uw5gq.css",
      "AssetFile": "styles/btn-toggle.css.br",
      "Selectors": [
        {
          "Name": "Content-Encoding",
          "Value": "br",
          "Quality": "0.002145922747"
        }
      ],
      "ResponseHeaders": [
        {
          "Name": "Accept-Ranges",
          "Value": "bytes"
        },
        {
          "Name": "Cache-Control",
          "Value": "max-age=31536000, immutable"
        },
        {
          "Name": "Content-Encoding",
          "Value": "br"
        },
        {
          "Name": "Content-Length",
          "Value": "465"
        },
        {
          "Name": "Content-Type",
          "Value": "text/css"
        },
        {
          "Name": "ETag",
          "Value": "\"BX+/yH8tVpy6bEo7g2IPtvEIDfz4dToLrJbzDG6jEY0=\""
        },
        {
          "Name": "ETag",
          "Value": "W/\"75/Z0m0ZL0rsMHX8H0kI5MOcj9lp/dc4d9w/knK8iC4=\""
        },
        {
          "Name": "Last-Modified",
          "Value": "Tue, 18 Mar 2025 08:49:32 GMT"
        },
        {
          "Name": "Vary",
          "Value": "Content-Encoding"
        }
      ],
      "EndpointProperties": [
        {
          "Name": "fingerprint",
          "Value": "tpzp7uw5gq"
        },
        {
          "Name": "integrity",
          "Value": "sha256-75/Z0m0ZL0rsMHX8H0kI5MOcj9lp/dc4d9w/knK8iC4="
        },
        {
          "Name": "label",
          "Value": "styles/btn-toggle.css"
        }
      ]
    },
    {
      "Route": "styles/btn-toggle.tpzp7uw5gq.css",
      "AssetFile": "styles/btn-toggle.css.gz",
      "Selectors": [
        {
          "Name": "Content-Encoding",
          "Value": "gzip",
          "Quality": "0.001838235294"
        }
      ],
      "ResponseHeaders": [
        {
          "Name": "Accept-Ranges",
          "Value": "bytes"
        },
        {
          "Name": "Cache-Control",
          "Value": "max-age=31536000, immutable"
        },
        {
          "Name": "Content-Encoding",
          "Value": "gzip"
        },
        {
          "Name": "Content-Length",
          "Value": "543"
        },
        {
          "Name": "Content-Type",
          "Value": "text/css"
        },
        {
          "Name": "ETag",
          "Value": "\"Vc4Zb/FsHn9uWYfatlnXSg55fcwxEfQI2Ffdud0/G1E=\""
        },
        {
          "Name": "ETag",
          "Value": "W/\"75/Z0m0ZL0rsMHX8H0kI5MOcj9lp/dc4d9w/knK8iC4=\""
        },
        {
          "Name": "Last-Modified",
          "Value": "Tue, 18 Mar 2025 08:49:32 GMT"
        },
        {
          "Name": "Vary",
          "Value": "Content-Encoding"
        }
      ],
      "EndpointProperties": [
        {
          "Name": "fingerprint",
          "Value": "tpzp7uw5gq"
        },
        {
          "Name": "integrity",
          "Value": "sha256-75/Z0m0ZL0rsMHX8H0kI5MOcj9lp/dc4d9w/knK8iC4="
        },
        {
          "Name": "label",
          "Value": "styles/btn-toggle.css"
        }
      ]
    },
    {
      "Route": "styles/btn-toggle.tpzp7uw5gq.css",
      "AssetFile": "styles/btn-toggle.css",
      "Selectors": [],
      "ResponseHeaders": [
        {
          "Name": "Accept-Ranges",
          "Value": "bytes"
        },
        {
          "Name": "Cache-Control",
          "Value": "max-age=31536000, immutable"
        },
        {
          "Name": "Content-Length",
          "Value": "1497"
        },
        {
          "Name": "Content-Type",
          "Value": "text/css"
        },
        {
          "Name": "ETag",
          "Value": "\"75/Z0m0ZL0rsMHX8H0kI5MOcj9lp/dc4d9w/knK8iC4=\""
        },
        {
          "Name": "Last-Modified",
          "Value": "Tue, 18 Mar 2025 08:49:32 GMT"
        }
      ],
      "EndpointProperties": [
        {
          "Name": "fingerprint",
          "Value": "tpzp7uw5gq"
        },
        {
          "Name": "integrity",
          "Value": "sha256-75/Z0m0ZL0rsMHX8H0kI5MOcj9lp/dc4d9w/knK8iC4="
        },
        {
          "Name": "label",
          "Value": "styles/btn-toggle.css"
        }
      ]
    },
    {
      "Route": "styles/btn-toggle.tpzp7uw5gq.css.br",
      "AssetFile": "styles/btn-toggle.css.br",
      "Selectors": [],
      "ResponseHeaders": [
        {
          "Name": "Accept-Ranges",
          "Value": "bytes"
        },
        {
          "Name": "Cache-Control",
          "Value": "max-age=31536000, immutable"
        },
        {
          "Name": "Content-Encoding",
          "Value": "br"
        },
        {
          "Name": "Content-Length",
          "Value": "465"
        },
        {
          "Name": "Content-Type",
          "Value": "text/css"
        },
        {
          "Name": "ETag",
          "Value": "\"BX+/yH8tVpy6bEo7g2IPtvEIDfz4dToLrJbzDG6jEY0=\""
        },
        {
          "Name": "Last-Modified",
          "Value": "Tue, 18 Mar 2025 08:49:32 GMT"
        },
        {
          "Name": "Vary",
          "Value": "Content-Encoding"
        }
      ],
      "EndpointProperties": [
        {
          "Name": "fingerprint",
          "Value": "tpzp7uw5gq"
        },
        {
          "Name": "integrity",
          "Value": "sha256-BX+/yH8tVpy6bEo7g2IPtvEIDfz4dToLrJbzDG6jEY0="
        },
        {
          "Name": "label",
          "Value": "styles/btn-toggle.css.br"
        }
      ]
    },
    {
      "Route": "styles/btn-toggle.tpzp7uw5gq.css.gz",
      "AssetFile": "styles/btn-toggle.css.gz",
      "Selectors": [],
      "ResponseHeaders": [
        {
          "Name": "Accept-Ranges",
          "Value": "bytes"
        },
        {
          "Name": "Cache-Control",
          "Value": "max-age=31536000, immutable"
        },
        {
          "Name": "Content-Encoding",
          "Value": "gzip"
        },
        {
          "Name": "Content-Length",
          "Value": "543"
        },
        {
          "Name": "Content-Type",
          "Value": "text/css"
        },
        {
          "Name": "ETag",
          "Value": "\"Vc4Zb/FsHn9uWYfatlnXSg55fcwxEfQI2Ffdud0/G1E=\""
        },
        {
          "Name": "Last-Modified",
          "Value": "Tue, 18 Mar 2025 08:49:32 GMT"
        },
        {
          "Name": "Vary",
          "Value": "Content-Encoding"
        }
      ],
      "EndpointProperties": [
        {
          "Name": "fingerprint",
          "Value": "tpzp7uw5gq"
        },
        {
          "Name": "integrity",
          "Value": "sha256-Vc4Zb/FsHn9uWYfatlnXSg55fcwxEfQI2Ffdud0/G1E="
        },
        {
          "Name": "label",
          "Value": "styles/btn-toggle.css.gz"
        }
      ]
    }
  ]
}