Date,Latitude,Longitude
07/10/2019 16:30:39,28.411,-85.983
07/10/2019 16:32:40,28.407,-85.989
07/10/2019 16:34:40,28.404,-85.994
07/10/2019 16:36:39,28.400,-86.000
07/10/2019 16:38:39,28.396,-86.006
07/10/2019 16:40:40,28.393,-86.011
07/10/2019 16:42:39,28.389,-86.017
07/10/2019 16:44:39,28.385,-86.023
07/10/2019 16:46:40,28.382,-86.029
07/10/2019 16:48:40,28.378,-86.034
07/10/2019 16:50:39,28.375,-86.040
07/10/2019 16:52:39,28.371,-86.046
07/10/2019 16:54:40,28.367,-86.051
07/10/2019 16:56:40,28.364,-86.057
07/10/2019 16:58:39,28.360,-86.063
07/10/2019 17:00:39,28.357,-86.068
07/10/2019 17:02:40,28.353,-86.074
07/10/2019 17:04:40,28.349,-86.080
07/10/2019 17:06:39,28.346,-86.086
07/10/2019 17:08:39,28.342,-86.091
07/10/2019 17:10:40,28.339,-86.097
07/10/2019 17:12:39,28.335,-86.103
07/10/2019 17:14:39,28.331,-86.109
07/10/2019 17:16:40,28.328,-86.114
07/10/2019 17:18:40,28.324,-86.120
07/10/2019 17:20:39,28.321,-86.126
07/10/2019 17:22:39,28.317,-86.132
07/10/2019 17:24:40,28.314,-86.137
07/10/2019 17:26:40,28.310,-86.143
07/10/2019 17:28:39,28.307,-86.149
07/10/2019 17:30:39,28.303,-86.155
07/10/2019 17:32:40,28.300,-86.160
07/10/2019 17:34:40,28.297,-86.166
07/10/2019 17:36:39,28.293,-86.172
07/10/2019 17:38:39,28.290,-86.178
07/10/2019 17:40:40,28.286,-86.184
07/10/2019 17:42:39,28.283,-86.189
07/10/2019 17:44:39,28.280,-86.195
07/10/2019 17:46:40,28.276,-86.201
07/10/2019 17:48:40,28.273,-86.207
07/10/2019 17:50:39,28.270,-86.213
07/10/2019 17:52:39,28.266,-86.219
07/10/2019 17:54:40,28.263,-86.225
07/10/2019 17:56:40,28.260,-86.230
07/10/2019 17:58:39,28.257,-86.236
07/10/2019 18:00:39,28.254,-86.242
07/10/2019 18:02:40,28.250,-86.248
07/10/2019 18:04:40,28.247,-86.254
07/10/2019 18:06:39,28.244,-86.260
07/10/2019 18:08:39,28.241,-86.266
07/10/2019 18:10:40,28.238,-86.272
07/10/2019 18:12:39,28.235,-86.278
07/10/2019 18:14:39,28.232,-86.284
07/10/2019 18:16:40,28.229,-86.290
07/10/2019 18:18:40,28.226,-86.296
07/10/2019 18:20:39,28.223,-86.302
07/10/2019 18:22:39,28.220,-86.308
07/10/2019 18:24:40,28.217,-86.314
07/10/2019 18:26:40,28.214,-86.320
07/10/2019 18:28:39,28.211,-86.326
07/10/2019 18:30:39,28.208,-86.332
07/10/2019 18:32:40,28.206,-86.338
07/10/2019 18:34:40,28.203,-86.344
07/10/2019 18:36:39,28.200,-86.350
07/10/2019 18:38:39,28.197,-86.356
07/10/2019 18:40:40,28.195,-86.362
07/10/2019 18:42:39,28.192,-86.368
07/10/2019 18:44:39,28.189,-86.375
07/10/2019 18:46:40,28.187,-86.381
07/10/2019 18:48:40,28.184,-86.387
07/10/2019 18:50:39,28.182,-86.393
07/10/2019 18:52:39,28.179,-86.399
07/10/2019 18:54:40,28.177,-86.405
07/10/2019 18:56:40,28.174,-86.412
07/10/2019 18:58:39,28.172,-86.418
07/10/2019 19:00:39,28.170,-86.424
07/10/2019 19:02:40,28.167,-86.430
07/10/2019 19:04:40,28.165,-86.437
07/10/2019 19:06:39,28.163,-86.443
07/10/2019 19:08:39,28.161,-86.449
07/10/2019 19:10:40,28.158,-86.456
07/10/2019 19:12:39,28.156,-86.462
07/10/2019 19:14:39,28.154,-86.468
07/10/2019 19:16:40,28.152,-86.475
07/10/2019 19:18:40,28.150,-86.481
07/10/2019 19:20:39,28.148,-86.488
07/10/2019 19:22:39,28.146,-86.494
07/10/2019 19:24:40,28.144,-86.500
07/10/2019 19:26:40,28.142,-86.507
07/10/2019 19:28:39,28.140,-86.513
07/10/2019 19:30:39,28.138,-86.520
07/10/2019 19:32:40,28.136,-86.526
07/10/2019 19:34:40,28.135,-86.533
07/10/2019 19:36:39,28.133,-86.539
07/10/2019 19:38:39,28.131,-86.546
07/10/2019 19:40:40,28.129,-86.552
07/10/2019 19:42:39,28.127,-86.559
07/10/2019 19:44:39,28.126,-86.565
07/10/2019 19:46:40,28.124,-86.572
07/10/2019 19:48:40,28.122,-86.578
07/10/2019 19:50:39,28.121,-86.585
07/10/2019 19:52:39,28.119,-86.592
07/10/2019 19:54:40,28.118,-86.598
07/10/2019 19:56:40,28.116,-86.605
07/10/2019 19:58:39,28.114,-86.611
07/10/2019 20:00:39,28.113,-86.618
07/10/2019 20:02:40,28.111,-86.625
07/10/2019 20:04:40,28.110,-86.631
07/10/2019 20:06:39,28.108,-86.638
07/10/2019 20:08:39,28.107,-86.644
07/10/2019 20:10:40,28.105,-86.651
07/10/2019 20:12:39,28.104,-86.658
07/10/2019 20:14:39,28.103,-86.664
07/10/2019 20:16:40,28.101,-86.671
07/10/2019 20:18:40,28.100,-86.678
07/10/2019 20:20:39,28.098,-86.684
07/10/2019 20:22:39,28.097,-86.691
07/10/2019 20:24:40,28.096,-86.698
07/10/2019 20:26:40,28.094,-86.705
07/10/2019 20:28:39,28.093,-86.711
07/10/2019 20:30:39,28.092,-86.718
07/10/2019 20:32:40,28.090,-86.725
07/10/2019 20:34:40,28.089,-86.731
07/10/2019 20:36:20,28.088,-86.737
07/10/2019 20:38:20,28.082,-86.779
07/10/2019 20:40:19,28.075,-86.820
07/10/2019 20:42:19,28.069,-86.862
07/10/2019 20:44:20,28.062,-86.904
07/10/2019 20:46:20,28.056,-86.946
07/10/2019 20:48:19,28.049,-86.987
07/10/2019 20:50:19,28.043,-87.029
07/10/2019 20:52:20,28.037,-87.071
07/10/2019 20:54:20,28.030,-87.113
07/10/2019 20:56:19,28.024,-87.154
07/10/2019 20:58:19,28.017,-87.196
07/10/2019 21:00:20,28.011,-87.238
07/10/2019 21:02:20,28.004,-87.280
07/10/2019 21:04:19,27.998,-87.321
07/10/2019 21:06:20,27.992,-87.363
07/10/2019 21:08:20,27.985,-87.405
07/10/2019 21:10:19,27.979,-87.446
07/10/2019 21:12:19,27.972,-87.488
07/10/2019 21:14:20,27.966,-87.530
07/10/2019 21:15:31,27.962,-87.555
07/10/2019 21:17:32,27.961,-87.557
07/10/2019 21:19:32,27.961,-87.559
07/10/2019 21:21:31,27.960,-87.560
07/10/2019 21:23:31,27.960,-87.562
07/10/2019 21:25:32,27.959,-87.564
07/10/2019 21:27:32,27.959,-87.566
07/10/2019 21:29:31,27.958,-87.567
07/10/2019 21:31:31,27.957,-87.569
07/10/2019 21:33:32,27.957,-87.571
07/10/2019 21:35:31,27.956,-87.573
07/10/2019 21:37:31,27.956,-87.575
07/10/2019 21:39:32,27.955,-87.576
07/10/2019 21:41:32,27.955,-87.578
07/10/2019 21:43:31,27.954,-87.580
07/10/2019 21:45:31,27.954,-87.582
07/10/2019 21:47:32,27.953,-87.583
07/10/2019 21:49:32,27.952,-87.585
07/10/2019 21:51:31,27.952,-87.587
07/10/2019 21:53:31,27.951,-87.589
07/10/2019 21:55:32,27.951,-87.591
07/10/2019 21:57:32,27.950,-87.592
07/10/2019 21:59:31,27.950,-87.594
07/10/2019 22:01:31,27.949,-87.596
07/10/2019 22:03:32,27.948,-87.598
07/10/2019 22:05:31,27.948,-87.600
07/10/2019 22:07:31,27.947,-87.601
07/10/2019 22:09:32,27.947,-87.603
07/10/2019 22:11:32,27.946,-87.605
07/10/2019 22:13:31,27.946,-87.607
07/10/2019 22:15:31,27.945,-87.608
07/10/2019 22:17:32,27.944,-87.610
07/10/2019 22:19:32,27.944,-87.612
07/10/2019 22:21:31,27.943,-87.614
07/10/2019 22:23:31,27.943,-87.616
07/10/2019 22:25:32,27.942,-87.617
07/10/2019 22:27:32,27.942,-87.619
07/10/2019 22:29:31,27.941,-87.621
07/10/2019 22:31:31,27.940,-87.623
07/10/2019 22:33:32,27.940,-87.624
07/10/2019 22:35:31,27.939,-87.626
07/10/2019 22:37:31,27.939,-87.628
07/10/2019 22:39:32,27.938,-87.630
07/10/2019 22:41:32,27.938,-87.632
07/10/2019 22:43:31,27.937,-87.633
07/10/2019 22:45:31,27.937,-87.635
07/10/2019 22:47:32,27.936,-87.637
07/10/2019 22:49:32,27.935,-87.639
07/10/2019 22:51:31,27.935,-87.640
07/10/2019 22:53:31,27.934,-87.642
07/10/2019 22:55:32,27.934,-87.644
07/10/2019 22:57:32,27.933,-87.646
07/10/2019 22:59:31,27.933,-87.648
07/10/2019 23:01:31,27.932,-87.649
07/10/2019 23:03:32,27.931,-87.651
07/10/2019 23:05:31,27.931,-87.653
07/10/2019 23:07:31,27.930,-87.655
07/10/2019 23:09:32,27.930,-87.657
07/10/2019 23:11:32,27.929,-87.658
07/10/2019 23:13:31,27.929,-87.660
07/10/2019 23:15:31,27.928,-87.662
07/10/2019 23:17:32,27.927,-87.664
07/10/2019 23:19:05,27.927,-87.665
07/10/2019 23:21:06,27.927,-87.667
07/10/2019 23:23:06,27.926,-87.668
07/10/2019 23:25:05,27.925,-87.669
07/10/2019 23:27:05,27.925,-87.671
07/10/2019 23:29:06,27.924,-87.672
07/10/2019 23:31:06,27.924,-87.674
07/10/2019 23:33:05,27.924,-87.675
07/10/2019 23:35:05,27.923,-87.677
07/10/2019 23:37:06,27.923,-87.678
07/10/2019 23:39:05,27.922,-87.679
07/10/2019 23:41:05,27.922,-87.681
07/10/2019 23:43:06,27.921,-87.682
07/10/2019 23:45:06,27.921,-87.683
07/10/2019 23:47:05,27.920,-87.685
07/10/2019 23:49:05,27.920,-87.686
07/10/2019 23:51:06,27.919,-87.687
07/10/2019 23:53:06,27.919,-87.688
07/10/2019 23:55:05,27.918,-87.690
07/10/2019 23:57:05,27.918,-87.691
07/10/2019 23:59:06,27.917,-87.692
07/11/2019 00:01:06,27.917,-87.693
07/11/2019 00:03:05,27.917,-87.694
07/11/2019 00:05:05,27.916,-87.695
07/11/2019 00:07:06,27.916,-87.696
07/11/2019 00:09:05,27.915,-87.698
07/11/2019 00:11:05,27.915,-87.699
07/11/2019 00:13:06,27.914,-87.700
07/11/2019 00:15:06,27.914,-87.701
07/11/2019 00:17:05,27.914,-87.702
07/11/2019 00:19:05,27.913,-87.703
07/11/2019 00:21:06,27.913,-87.704
07/11/2019 00:23:06,27.912,-87.705
07/11/2019 00:25:05,27.912,-87.706
07/11/2019 00:27:05,27.912,-87.707
07/11/2019 00:29:06,27.911,-87.707
07/11/2019 00:31:06,27.911,-87.708
07/11/2019 00:33:05,27.911,-87.709
07/11/2019 00:35:05,27.910,-87.710
07/11/2019 00:37:06,27.910,-87.711
07/11/2019 00:39:05,27.909,-87.712
07/11/2019 00:41:05,27.909,-87.712
07/11/2019 00:43:06,27.909,-87.713
07/11/2019 00:45:06,27.908,-87.714
07/11/2019 00:47:05,27.908,-87.714
07/11/2019 00:49:05,27.908,-87.715
07/11/2019 00:51:06,27.907,-87.716
07/11/2019 00:53:06,27.907,-87.716
07/11/2019 00:55:05,27.907,-87.717
07/11/2019 00:57:05,27.906,-87.718
07/11/2019 00:59:06,27.906,-87.718
07/11/2019 01:01:06,27.906,-87.719
07/11/2019 01:03:05,27.905,-87.719
07/11/2019 01:05:05,27.905,-87.720
07/11/2019 01:07:06,27.905,-87.720
07/11/2019 01:09:05,27.905,-87.720
07/11/2019 01:11:05,27.904,-87.721
07/11/2019 01:13:06,27.904,-87.721
07/11/2019 01:15:06,27.904,-87.722
07/11/2019 01:17:05,27.903,-87.722
07/11/2019 01:19:05,27.903,-87.722
07/11/2019 01:21:06,27.903,-87.722
07/11/2019 01:23:06,27.903,-87.723
07/11/2019 01:25:05,27.902,-87.723
07/11/2019 01:27:05,27.902,-87.723
07/11/2019 01:29:06,27.902,-87.723
07/11/2019 01:31:06,27.902,-87.723
07/11/2019 01:33:05,27.902,-87.723
07/11/2019 01:35:05,27.901,-87.723
07/11/2019 01:37:06,27.901,-87.723
07/11/2019 01:39:05,27.901,-87.724
07/11/2019 01:41:05,27.901,-87.723
07/11/2019 01:43:06,27.901,-87.723
07/11/2019 01:45:06,27.900,-87.723
07/11/2019 01:47:05,27.900,-87.723
07/11/2019 01:49:05,27.900,-87.723
07/11/2019 01:51:06,27.900,-87.723
07/11/2019 01:53:06,27.900,-87.723
07/11/2019 01:55:05,27.900,-87.722
07/11/2019 01:57:05,27.899,-87.722
07/11/2019 01:59:06,27.899,-87.722
07/11/2019 02:01:06,27.899,-87.722
07/11/2019 02:03:05,27.899,-87.721
07/11/2019 02:05:05,27.899,-87.721
07/11/2019 02:07:06,27.899,-87.721
07/11/2019 02:09:05,27.899,-87.720
07/11/2019 02:11:05,27.899,-87.720
07/11/2019 02:13:06,27.898,-87.719
07/11/2019 02:15:06,27.898,-87.719
07/11/2019 02:17:05,27.898,-87.718
07/11/2019 02:19:05,27.898,-87.718
07/11/2019 02:21:06,27.898,-87.717
07/11/2019 02:23:06,27.898,-87.717
07/11/2019 02:25:05,27.898,-87.716
07/11/2019 02:27:05,27.898,-87.715
07/11/2019 02:29:06,27.898,-87.715
07/11/2019 02:31:06,27.898,-87.714
07/11/2019 02:33:05,27.898,-87.713
07/11/2019 02:35:05,27.898,-87.713
07/11/2019 02:37:06,27.898,-87.712
07/11/2019 02:39:05,27.898,-87.711
07/11/2019 02:41:05,27.898,-87.710
07/11/2019 02:43:06,27.898,-87.710
07/11/2019 02:45:06,27.898,-87.709
07/11/2019 02:47:05,27.898,-87.708
07/11/2019 02:49:05,27.898,-87.707
07/11/2019 02:51:06,27.898,-87.707
07/11/2019 02:53:06,27.898,-87.706
07/11/2019 02:55:05,27.898,-87.705
07/11/2019 02:57:05,27.898,-87.704
07/11/2019 02:59:06,27.898,-87.703
07/11/2019 03:01:06,27.898,-87.702
07/11/2019 03:03:05,27.898,-87.701
07/11/2019 03:05:05,27.898,-87.700
07/11/2019 03:07:06,27.898,-87.700
07/11/2019 03:09:05,27.898,-87.699
07/11/2019 03:11:05,27.898,-87.698
07/11/2019 03:13:06,27.898,-87.697
07/11/2019 03:15:06,27.898,-87.696
07/11/2019 03:17:05,27.898,-87.695
07/11/2019 03:19:05,27.898,-87.694
07/11/2019 03:21:06,27.899,-87.693
07/11/2019 03:23:06,27.899,-87.692
07/11/2019 03:25:05,27.899,-87.691
07/11/2019 03:27:05,27.899,-87.690
07/11/2019 03:29:06,27.899,-87.689
07/11/2019 03:31:06,27.899,-87.688
07/11/2019 03:33:05,27.899,-87.687
07/11/2019 03:35:05,27.899,-87.686
07/11/2019 03:37:06,27.899,-87.685
07/11/2019 03:39:05,27.900,-87.684
07/11/2019 03:41:05,27.900,-87.683
07/11/2019 03:43:06,27.900,-87.682
07/11/2019 03:45:06,27.900,-87.681
07/11/2019 03:47:05,27.900,-87.680
07/11/2019 03:49:05,27.900,-87.679
07/11/2019 03:51:06,27.901,-87.678
07/11/2019 03:53:06,27.901,-87.677
07/11/2019 03:55:05,27.901,-87.676
07/11/2019 03:57:05,27.901,-87.675
07/11/2019 03:59:06,27.901,-87.674
07/11/2019 04:01:06,27.901,-87.673
07/11/2019 04:03:05,27.902,-87.672
07/11/2019 04:05:05,27.902,-87.671
07/11/2019 04:07:06,27.902,-87.670
07/11/2019 04:09:05,27.902,-87.669
07/11/2019 04:11:05,27.903,-87.668
07/11/2019 04:13:06,27.903,-87.667
07/11/2019 04:15:06,27.903,-87.666
07/11/2019 04:17:05,27.903,-87.665
07/11/2019 04:19:05,27.903,-87.664
07/11/2019 04:21:06,27.904,-87.663
07/11/2019 04:23:06,27.904,-87.662
07/11/2019 04:25:05,27.904,-87.662
07/11/2019 04:27:05,27.904,-87.661
07/11/2019 04:29:06,27.905,-87.660
07/11/2019 04:31:06,27.905,-87.659
07/11/2019 04:33:05,27.905,-87.658
07/11/2019 04:35:05,27.906,-87.657
07/11/2019 04:37:06,27.906,-87.656
07/11/2019 04:39:05,27.906,-87.656
07/11/2019 04:41:05,27.906,-87.655
07/11/2019 04:43:06,27.907,-87.654
07/11/2019 04:45:06,27.907,-87.653
07/11/2019 04:47:05,27.907,-87.652
07/11/2019 04:49:05,27.908,-87.652
07/11/2019 04:51:06,27.908,-87.651
07/11/2019 04:53:06,27.908,-87.650
07/11/2019 04:55:05,27.908,-87.650
07/11/2019 04:57:05,27.909,-87.649
07/11/2019 04:59:06,27.909,-87.648
07/11/2019 05:01:06,27.909,-87.648
07/11/2019 05:03:05,27.910,-87.647
07/11/2019 05:05:05,27.910,-87.646
07/11/2019 05:07:06,27.910,-87.646
07/11/2019 05:09:05,27.911,-87.645
07/11/2019 05:11:05,27.911,-87.645
07/11/2019 05:13:06,27.912,-87.644
07/11/2019 05:15:06,27.912,-87.644
07/11/2019 05:17:05,27.912,-87.643
07/11/2019 05:19:05,27.913,-87.643
07/11/2019 05:21:06,27.913,-87.643
07/11/2019 05:23:06,27.913,-87.642
07/11/2019 05:25:05,27.914,-87.642
07/11/2019 05:27:05,27.914,-87.642
07/11/2019 05:29:06,27.915,-87.641
07/11/2019 05:31:06,27.915,-87.641
07/11/2019 05:33:05,27.915,-87.641
07/11/2019 05:35:05,27.916,-87.640
07/11/2019 05:37:06,27.916,-87.640
07/11/2019 05:39:05,27.917,-87.640
07/11/2019 05:41:05,27.917,-87.640
07/11/2019 05:43:06,27.917,-87.640
07/11/2019 05:45:06,27.918,-87.640
07/11/2019 05:47:05,27.918,-87.640
07/11/2019 05:49:05,27.919,-87.640
07/11/2019 05:51:06,27.919,-87.640
07/11/2019 05:53:06,27.920,-87.640
07/11/2019 05:55:05,27.920,-87.640
07/11/2019 05:57:05,27.920,-87.640
07/11/2019 05:59:06,27.921,-87.640
07/11/2019 06:01:06,27.921,-87.641
07/11/2019 06:03:05,27.922,-87.641
07/11/2019 06:05:05,27.922,-87.641
07/11/2019 06:07:06,27.923,-87.641
07/11/2019 06:09:05,27.923,-87.642
07/11/2019 06:11:05,27.924,-87.642
07/11/2019 06:13:06,27.924,-87.643
07/11/2019 06:15:06,27.925,-87.643
07/11/2019 06:17:05,27.925,-87.643
07/11/2019 06:19:05,27.926,-87.644
07/11/2019 06:21:06,27.926,-87.645
07/11/2019 06:23:06,27.927,-87.645
07/11/2019 06:25:05,27.927,-87.646
07/11/2019 06:27:05,27.928,-87.647
07/11/2019 06:29:06,27.928,-87.647
07/11/2019 06:31:06,27.929,-87.648
07/11/2019 06:33:05,27.929,-87.649
07/11/2019 06:35:05,27.930,-87.650
07/11/2019 06:37:06,27.930,-87.651
07/11/2019 06:39:05,27.931,-87.652
07/11/2019 06:41:05,27.931,-87.653
07/11/2019 06:43:06,27.932,-87.654
07/11/2019 06:45:06,27.932,-87.655
07/11/2019 06:47:05,27.933,-87.656
07/11/2019 06:49:05,27.933,-87.657
07/11/2019 06:51:06,27.934,-87.658
07/11/2019 06:53:06,27.934,-87.659
07/11/2019 06:55:05,27.935,-87.660
07/11/2019 06:57:05,27.935,-87.662
07/11/2019 06:59:06,27.936,-87.663
07/11/2019 07:01:06,27.936,-87.664
07/11/2019 07:03:05,27.937,-87.666
07/11/2019 07:05:05,27.938,-87.667
07/11/2019 07:07:06,27.938,-87.668
07/11/2019 07:09:05,27.939,-87.670
07/11/2019 07:11:05,27.939,-87.671
07/11/2019 07:13:06,27.940,-87.673
07/11/2019 07:15:06,27.940,-87.675
07/11/2019 07:17:05,27.941,-87.676
07/11/2019 07:19:05,27.942,-87.678
07/11/2019 07:21:06,27.942,-87.679
07/11/2019 07:23:06,27.943,-87.681
07/11/2019 07:25:05,27.943,-87.683
07/11/2019 07:27:05,27.944,-87.685
07/11/2019 07:29:06,27.944,-87.686
07/11/2019 07:31:06,27.945,-87.688
07/11/2019 07:33:05,27.946,-87.690
07/11/2019 07:35:05,27.946,-87.692
07/11/2019 07:37:06,27.947,-87.694
07/11/2019 07:39:05,27.947,-87.696
07/11/2019 07:41:05,27.948,-87.698
07/11/2019 07:43:06,27.949,-87.700
07/11/2019 07:45:06,27.949,-87.702
07/11/2019 07:47:05,27.950,-87.704
07/11/2019 07:49:05,27.951,-87.706
07/11/2019 07:51:06,27.951,-87.708
07/11/2019 07:53:06,27.952,-87.710
07/11/2019 07:55:05,27.952,-87.712
07/11/2019 07:57:05,27.953,-87.714
07/11/2019 07:59:06,27.954,-87.716
07/11/2019 08:01:06,27.954,-87.719
07/11/2019 08:03:05,27.955,-87.721
07/11/2019 08:05:05,27.956,-87.723
07/11/2019 08:07:05,27.956,-87.726
07/11/2019 08:09:06,27.957,-87.728
07/11/2019 08:11:06,27.957,-87.730
07/11/2019 08:13:06,27.958,-87.733
07/11/2019 08:15:06,27.959,-87.735
07/11/2019 08:17:05,27.959,-87.737
07/11/2019 08:19:05,27.960,-87.740
07/11/2019 08:21:05,27.961,-87.742
07/11/2019 08:23:05,27.961,-87.745
07/11/2019 08:25:06,27.962,-87.747
07/11/2019 08:27:06,27.963,-87.750
07/11/2019 08:29:06,27.963,-87.752
07/11/2019 08:31:06,27.964,-87.755
07/11/2019 08:33:05,27.965,-87.758
07/11/2019 08:35:05,27.965,-87.760
07/11/2019 08:37:05,27.966,-87.763
07/11/2019 08:39:06,27.967,-87.765
07/11/2019 08:41:06,27.967,-87.768
07/11/2019 08:43:06,27.968,-87.771
07/11/2019 08:45:06,27.969,-87.773
07/11/2019 08:47:05,27.969,-87.776
07/11/2019 08:49:05,27.970,-87.779
07/11/2019 08:51:05,27.971,-87.782
07/11/2019 08:53:05,27.971,-87.785
07/11/2019 08:55:06,27.972,-87.787
07/11/2019 08:57:06,27.973,-87.790
07/11/2019 08:59:06,27.973,-87.793
07/11/2019 09:01:06,27.974,-87.796
07/11/2019 09:03:05,27.975,-87.799
07/11/2019 09:05:05,27.975,-87.802
07/11/2019 09:07:05,27.976,-87.804
07/11/2019 09:09:06,27.977,-87.807
07/11/2019 09:11:06,27.978,-87.810
07/11/2019 09:13:06,27.978,-87.813
07/11/2019 09:15:06,27.979,-87.816
07/11/2019 09:17:05,27.980,-87.819
07/11/2019 09:18:19,27.980,-87.821
07/11/2019 09:20:19,27.981,-87.824
07/11/2019 09:22:18,27.982,-87.827
07/11/2019 09:24:18,27.982,-87.830
07/11/2019 09:26:18,27.983,-87.833
07/11/2019 09:28:18,27.984,-87.836
07/11/2019 09:30:19,27.985,-87.839
07/11/2019 09:32:19,27.986,-87.842
07/11/2019 09:34:19,27.986,-87.845
07/11/2019 09:36:19,27.987,-87.848
07/11/2019 09:38:18,27.988,-87.851
07/11/2019 09:40:18,27.989,-87.854
07/11/2019 09:42:18,27.989,-87.857
07/11/2019 09:44:18,27.990,-87.860
07/11/2019 09:46:19,27.991,-87.863
07/11/2019 09:48:19,27.992,-87.866
07/11/2019 09:50:19,27.992,-87.870
07/11/2019 09:52:18,27.993,-87.873
07/11/2019 09:54:18,27.994,-87.876
07/11/2019 09:56:18,27.995,-87.879
07/11/2019 09:58:18,27.995,-87.882
07/11/2019 10:00:19,27.996,-87.885
07/11/2019 10:02:19,27.997,-87.889
07/11/2019 10:04:19,27.998,-87.892
07/11/2019 10:06:19,27.998,-87.895
07/11/2019 10:08:18,27.999,-87.898
07/11/2019 10:10:18,28.000,-87.901
07/11/2019 10:12:18,28.001,-87.905
07/11/2019 10:14:18,28.001,-87.908
07/11/2019 10:16:19,28.002,-87.911
07/11/2019 10:18:19,28.003,-87.914
07/11/2019 10:20:19,28.003,-87.918
07/11/2019 10:22:18,28.004,-87.921
07/11/2019 10:24:18,28.005,-87.924
07/11/2019 10:26:18,28.005,-87.928
07/11/2019 10:28:18,28.006,-87.931
07/11/2019 10:30:19,28.007,-87.934
07/11/2019 10:32:19,28.007,-87.938
07/11/2019 10:34:19,28.008,-87.941
07/11/2019 10:36:19,28.009,-87.944
07/11/2019 10:38:18,28.009,-87.948
07/11/2019 10:40:18,28.010,-87.951
07/11/2019 10:42:18,28.010,-87.955
07/11/2019 10:44:18,28.011,-87.958
07/11/2019 10:46:19,28.012,-87.961
07/11/2019 10:48:19,28.012,-87.965
07/11/2019 10:50:19,28.013,-87.968
07/11/2019 10:50:48,28.013,-87.969
07/11/2019 10:52:48,28.013,-87.972
07/11/2019 10:54:48,28.014,-87.976
07/11/2019 10:56:48,28.014,-87.979
07/11/2019 10:58:47,28.015,-87.982
07/11/2019 11:00:47,28.015,-87.986
07/11/2019 11:02:47,28.015,-87.989
07/11/2019 11:04:48,28.016,-87.993
07/11/2019 11:06:48,28.016,-87.996
07/11/2019 11:08:48,28.016,-88.000
07/11/2019 11:10:48,28.017,-88.003
07/11/2019 11:12:47,28.017,-88.006
07/11/2019 11:14:47,28.017,-88.010
07/11/2019 11:16:47,28.017,-88.013
07/11/2019 11:18:47,28.017,-88.017
07/11/2019 11:20:48,28.018,-88.020
07/11/2019 11:22:48,28.018,-88.024
07/11/2019 11:24:48,28.018,-88.028
07/11/2019 11:26:48,28.018,-88.031
07/11/2019 11:28:47,28.018,-88.035
07/11/2019 11:30:47,28.018,-88.038
07/11/2019 11:32:47,28.018,-88.042
07/11/2019 11:34:48,28.018,-88.045
07/11/2019 11:36:48,28.018,-88.049
07/11/2019 11:38:48,28.018,-88.053
07/11/2019 11:40:48,28.018,-88.056
07/11/2019 11:42:47,28.018,-88.060
07/11/2019 11:44:47,28.017,-88.064
07/11/2019 11:46:47,28.017,-88.067
07/11/2019 11:48:47,28.017,-88.071
07/11/2019 11:50:48,28.017,-88.075
07/11/2019 11:52:48,28.017,-88.079
07/11/2019 11:54:48,28.016,-88.082
07/11/2019 11:56:48,28.016,-88.086
07/11/2019 11:58:47,28.016,-88.090
07/11/2019 12:00:47,28.015,-88.094
07/11/2019 12:02:47,28.015,-88.098
07/11/2019 12:04:48,28.014,-88.101
07/11/2019 12:06:48,28.014,-88.105
07/11/2019 12:08:48,28.013,-88.109
07/11/2019 12:10:48,28.013,-88.113
07/11/2019 12:12:47,28.012,-88.117
07/11/2019 12:14:47,28.012,-88.121
07/11/2019 12:16:47,28.011,-88.125
07/11/2019 12:18:47,28.010,-88.129
07/11/2019 12:20:48,28.010,-88.133
07/11/2019 12:22:48,28.009,-88.137
07/11/2019 12:24:48,28.008,-88.141
07/11/2019 12:26:48,28.007,-88.145
07/11/2019 12:28:47,28.007,-88.149
07/11/2019 12:30:47,28.006,-88.153
07/11/2019 12:32:47,28.005,-88.157
07/11/2019 12:34:48,28.004,-88.161
07/11/2019 12:36:48,28.003,-88.166
07/11/2019 12:38:48,28.002,-88.170
07/11/2019 12:40:48,28.001,-88.174
07/11/2019 12:42:47,28.000,-88.178
07/11/2019 12:44:47,27.999,-88.182
07/11/2019 12:46:47,27.997,-88.187
07/11/2019 12:48:47,27.996,-88.191
07/11/2019 12:50:48,27.995,-88.195
07/11/2019 12:52:48,27.994,-88.200
07/11/2019 12:54:48,27.992,-88.204
07/11/2019 12:56:48,27.991,-88.208
07/11/2019 12:58:47,27.990,-88.213
07/11/2019 13:00:47,27.988,-88.217
07/11/2019 13:02:47,27.987,-88.222
07/11/2019 13:04:48,27.985,-88.226
07/11/2019 13:06:48,27.983,-88.231
07/11/2019 13:08:48,27.982,-88.235
07/11/2019 13:10:48,27.980,-88.240
07/11/2019 13:12:47,27.978,-88.244
07/11/2019 13:14:47,27.977,-88.249
07/11/2019 13:16:47,27.975,-88.253
07/11/2019 13:18:47,27.973,-88.258
07/11/2019 13:20:48,27.971,-88.263
07/11/2019 13:22:48,27.969,-88.267
07/11/2019 13:24:48,27.967,-88.272
07/11/2019 13:26:48,27.965,-88.277
07/11/2019 13:28:47,27.963,-88.282
07/11/2019 13:30:47,27.961,-88.286
07/11/2019 13:32:47,27.959,-88.291
07/11/2019 13:34:48,27.957,-88.296
07/11/2019 13:36:48,27.954,-88.301
07/11/2019 13:38:48,27.952,-88.306
07/11/2019 13:40:48,27.950,-88.311
07/11/2019 13:42:47,27.947,-88.316
07/11/2019 13:44:47,27.945,-88.321
07/11/2019 13:46:47,27.942,-88.326
07/11/2019 13:48:47,27.940,-88.331
07/11/2019 13:50:48,27.937,-88.336
07/11/2019 13:52:48,27.934,-88.341
07/11/2019 13:54:48,27.932,-88.346
07/11/2019 13:56:48,27.929,-88.351
07/11/2019 13:58:47,27.926,-88.356
07/11/2019 14:00:47,27.923,-88.362
07/11/2019 14:02:47,27.920,-88.367
07/11/2019 14:04:48,27.917,-88.372
07/11/2019 14:06:48,27.914,-88.377
07/11/2019 14:08:48,27.911,-88.383
07/11/2019 14:10:48,27.908,-88.388
07/11/2019 14:12:47,27.905,-88.393
07/11/2019 14:14:47,27.902,-88.399
07/11/2019 14:16:47,27.899,-88.404
07/11/2019 14:18:47,27.895,-88.410
07/11/2019 14:20:48,27.892,-88.415
07/11/2019 14:22:48,27.889,-88.421
07/11/2019 14:24:48,27.885,-88.426
07/11/2019 14:26:48,27.882,-88.432
07/11/2019 14:28:47,27.878,-88.437
07/11/2019 14:30:47,27.875,-88.443
07/11/2019 14:32:47,27.871,-88.448
07/11/2019 14:34:48,27.868,-88.454
07/11/2019 14:36:48,27.864,-88.459
07/11/2019 14:38:48,27.860,-88.465
07/11/2019 14:40:48,27.857,-88.471
07/11/2019 14:42:47,27.853,-88.476
07/11/2019 14:44:47,27.849,-88.482
07/11/2019 14:46:47,27.845,-88.488
07/11/2019 14:48:47,27.842,-88.493
07/11/2019 14:50:48,27.838,-88.499
07/11/2019 14:52:48,27.834,-88.505
07/11/2019 14:54:48,27.830,-88.510
07/11/2019 14:56:48,27.826,-88.516
07/11/2019 14:58:47,27.822,-88.522
07/11/2019 15:00:47,27.818,-88.527
07/11/2019 15:02:47,27.814,-88.533
07/11/2019 15:04:48,27.810,-88.539
07/11/2019 15:06:48,27.806,-88.545
07/11/2019 15:08:48,27.802,-88.550
07/11/2019 15:10:48,27.798,-88.556
07/11/2019 15:12:47,27.794,-88.562
07/11/2019 15:14:47,27.790,-88.568
07/11/2019 15:16:47,27.786,-88.573
07/11/2019 15:18:47,27.781,-88.579
07/11/2019 15:20:48,27.777,-88.585
07/11/2019 15:22:48,27.773,-88.591
07/11/2019 15:24:48,27.769,-88.597
07/11/2019 15:26:48,27.765,-88.602
07/11/2019 15:28:47,27.760,-88.608
07/11/2019 15:30:47,27.756,-88.614
07/11/2019 15:32:47,27.752,-88.620
07/11/2019 15:34:48,27.748,-88.625
07/11/2019 15:36:48,27.743,-88.631
07/11/2019 15:38:48,27.739,-88.637
07/11/2019 15:40:48,27.735,-88.643
07/11/2019 15:42:47,27.730,-88.648
07/11/2019 15:44:47,27.726,-88.654
07/11/2019 15:46:47,27.722,-88.660
07/11/2019 15:48:47,27.717,-88.665
07/11/2019 15:50:48,27.713,-88.671
07/11/2019 15:52:48,27.709,-88.677
07/11/2019 15:54:48,27.704,-88.682
07/11/2019 15:56:48,27.700,-88.688
07/11/2019 15:58:47,27.696,-88.694
07/11/2019 16:00:47,27.691,-88.699
07/11/2019 16:02:47,27.687,-88.705
07/11/2019 16:04:48,27.683,-88.711
07/11/2019 16:06:48,27.678,-88.716
07/11/2019 16:08:48,27.674,-88.722
07/11/2019 16:10:48,27.670,-88.727
07/11/2019 16:12:47,27.665,-88.733
07/11/2019 16:14:47,27.661,-88.739
07/11/2019 16:16:47,27.657,-88.744
07/11/2019 16:18:47,27.652,-88.750
07/11/2019 16:20:48,27.648,-88.755
07/11/2019 16:22:48,27.644,-88.760
07/11/2019 16:24:48,27.640,-88.766
07/11/2019 16:26:48,27.635,-88.771
07/11/2019 16:28:47,27.631,-88.777
07/11/2019 16:30:47,27.627,-88.782
07/11/2019 16:32:47,27.623,-88.787
07/11/2019 16:34:48,27.618,-88.793
07/11/2019 16:36:48,27.614,-88.798
07/11/2019 16:38:48,27.610,-88.803
07/11/2019 16:40:48,27.606,-88.809
07/11/2019 16:42:47,27.602,-88.814
07/11/2019 16:44:47,27.597,-88.819
07/11/2019 16:46:47,27.593,-88.824
07/11/2019 16:48:47,27.589,-88.829
07/11/2019 16:50:48,27.585,-88.834
07/11/2019 16:52:48,27.581,-88.840
07/11/2019 16:54:48,27.577,-88.845
07/11/2019 16:56:48,27.573,-88.850
07/11/2019 16:58:47,27.569,-88.855
07/11/2019 17:00:47,27.565,-88.860
07/11/2019 17:02:47,27.561,-88.864
07/11/2019 17:04:48,27.557,-88.869
07/11/2019 17:06:48,27.553,-88.874
07/11/2019 17:08:48,27.550,-88.879
07/11/2019 17:10:48,27.546,-88.884
07/11/2019 17:12:47,27.542,-88.889
07/11/2019 17:14:47,27.538,-88.893
07/11/2019 17:16:47,27.534,-88.898
07/11/2019 17:18:47,27.531,-88.903
07/11/2019 17:20:48,27.527,-88.907
07/11/2019 17:22:48,27.523,-88.912
07/11/2019 17:24:48,27.520,-88.916
07/11/2019 17:26:48,27.516,-88.921
07/11/2019 17:28:47,27.513,-88.925
07/11/2019 17:30:47,27.509,-88.930
07/11/2019 17:32:47,27.506,-88.934
07/11/2019 17:34:48,27.502,-88.938
07/11/2019 17:36:48,27.499,-88.942
07/11/2019 17:38:48,27.496,-88.947
07/11/2019 17:40:48,27.492,-88.951
07/11/2019 17:42:47,27.489,-88.955
07/11/2019 17:44:47,27.486,-88.959
07/11/2019 17:46:47,27.483,-88.963
07/11/2019 17:48:47,27.479,-88.967
07/11/2019 17:50:48,27.476,-88.971
07/11/2019 17:52:48,27.473,-88.975
07/11/2019 17:54:48,27.470,-88.979
07/11/2019 17:56:48,27.467,-88.982
07/11/2019 17:58:47,27.465,-88.986
07/11/2019 18:00:47,27.462,-88.990
07/11/2019 18:02:47,27.459,-88.993
07/11/2019 18:04:48,27.456,-88.997
07/11/2019 18:06:48,27.453,-89.001
07/11/2019 18:08:48,27.451,-89.004
07/11/2019 18:10:48,27.448,-89.007
07/11/2019 18:12:47,27.446,-89.011
07/11/2019 18:14:47,27.443,-89.014
07/11/2019 18:16:47,27.441,-89.017
07/11/2019 18:18:47,27.438,-89.020
07/11/2019 18:20:48,27.436,-89.024
07/11/2019 18:22:48,27.434,-89.027
07/11/2019 18:24:48,27.432,-89.030
07/11/2019 18:26:48,27.430,-89.033
07/11/2019 18:28:47,27.427,-89.035
07/11/2019 18:30:47,27.425,-89.038
07/11/2019 18:32:47,27.424,-89.041
07/11/2019 18:34:48,27.422,-89.044
07/11/2019 18:36:48,27.420,-89.046
07/11/2019 18:38:48,27.418,-89.049
07/11/2019 18:40:48,27.416,-89.051
07/11/2019 18:42:47,27.415,-89.054
07/11/2019 18:44:47,27.413,-89.056
07/11/2019 18:46:47,27.412,-89.059
07/11/2019 18:48:47,27.410,-89.061
07/11/2019 18:50:48,27.409,-89.063
07/11/2019 18:52:48,27.407,-89.065
07/11/2019 18:54:48,27.406,-89.067
07/11/2019 18:56:48,27.405,-89.069
07/11/2019 18:58:47,27.404,-89.071
07/11/2019 19:00:47,27.402,-89.073
07/11/2019 19:02:47,27.401,-89.075
07/11/2019 19:04:48,27.400,-89.077
07/11/2019 19:06:48,27.399,-89.079
07/11/2019 19:08:48,27.398,-89.080
07/11/2019 19:10:48,27.398,-89.082
07/11/2019 19:12:47,27.397,-89.084
07/11/2019 19:14:47,27.396,-89.085
07/11/2019 19:16:47,27.395,-89.087
07/11/2019 19:18:47,27.395,-89.088
07/11/2019 19:20:48,27.394,-89.089
07/11/2019 19:22:48,27.394,-89.091
07/11/2019 19:24:48,27.393,-89.092
07/11/2019 19:26:48,27.393,-89.093
07/11/2019 19:28:47,27.392,-89.094
07/11/2019 19:30:47,27.392,-89.096
07/11/2019 19:32:47,27.391,-89.097
07/11/2019 19:34:48,27.391,-89.098
07/11/2019 19:36:48,27.391,-89.099
07/11/2019 19:38:48,27.391,-89.100
07/11/2019 19:40:48,27.391,-89.101
07/11/2019 19:42:47,27.391,-89.101
07/11/2019 19:44:47,27.391,-89.102
07/11/2019 19:46:47,27.391,-89.103
07/11/2019 19:48:47,27.391,-89.104
07/11/2019 19:50:48,27.391,-89.104
07/11/2019 19:52:48,27.391,-89.105
07/11/2019 19:54:48,27.391,-89.106
07/11/2019 19:56:48,27.391,-89.106
07/11/2019 19:58:47,27.392,-89.107
07/11/2019 20:00:47,27.392,-89.107
07/11/2019 20:02:47,27.392,-89.108
07/11/2019 20:04:48,27.393,-89.108
07/11/2019 20:06:48,27.393,-89.108
07/11/2019 20:08:48,27.394,-89.109
07/11/2019 20:10:48,27.394,-89.109
07/11/2019 20:12:47,27.395,-89.109
07/11/2019 20:14:47,27.395,-89.109
07/11/2019 20:16:47,27.396,-89.109
07/11/2019 20:18:47,27.397,-89.109
07/11/2019 20:20:48,27.397,-89.110
07/11/2019 20:22:48,27.398,-89.110
07/11/2019 20:24:48,27.399,-89.110
07/11/2019 20:26:48,27.400,-89.110
07/11/2019 20:28:47,27.400,-89.109
07/11/2019 20:30:47,27.401,-89.109
07/11/2019 20:32:47,27.402,-89.109
07/11/2019 20:34:48,27.403,-89.109
07/11/2019 20:36:48,27.404,-89.109
07/11/2019 20:38:48,27.405,-89.109
07/11/2019 20:40:48,27.406,-89.108
07/11/2019 20:42:47,27.407,-89.108
07/11/2019 20:44:47,27.408,-89.108
07/11/2019 20:46:47,27.410,-89.107
07/11/2019 20:48:47,27.411,-89.107
07/11/2019 20:50:48,27.412,-89.106
07/11/2019 20:52:48,27.413,-89.106
07/11/2019 20:54:48,27.415,-89.105
07/11/2019 20:56:48,27.416,-89.105
07/11/2019 20:58:47,27.417,-89.104
07/11/2019 21:00:47,27.419,-89.104
07/11/2019 21:02:47,27.420,-89.103
07/11/2019 21:04:48,27.421,-89.102
07/11/2019 21:06:48,27.423,-89.102
07/11/2019 21:08:48,27.424,-89.101
07/11/2019 21:10:48,27.426,-89.100
07/11/2019 21:12:47,27.427,-89.099
07/11/2019 21:14:47,27.429,-89.099
07/11/2019 21:16:47,27.430,-89.098
07/11/2019 21:18:47,27.432,-89.097
07/11/2019 21:20:48,27.434,-89.096
07/11/2019 21:22:48,27.435,-89.095
07/11/2019 21:24:48,27.437,-89.094
07/11/2019 21:26:48,27.439,-89.093
07/11/2019 21:28:47,27.440,-89.093
07/11/2019 21:30:47,27.442,-89.092
07/11/2019 21:32:47,27.444,-89.091
07/11/2019 21:34:48,27.445,-89.090
07/11/2019 21:36:48,27.447,-89.089
07/11/2019 21:38:48,27.449,-89.088
07/11/2019 21:40:48,27.451,-89.086
07/11/2019 21:42:47,27.453,-89.085
07/11/2019 21:44:47,27.455,-89.084
07/11/2019 21:45:13,27.455,-89.084
07/11/2019 21:47:14,27.457,-89.081
07/11/2019 21:49:14,27.459,-89.079
07/11/2019 21:51:14,27.461,-89.076
07/11/2019 21:53:14,27.464,-89.074
07/11/2019 21:55:13,27.466,-89.072
07/11/2019 21:57:13,27.468,-89.070
07/11/2019 21:59:13,27.470,-89.067
07/11/2019 22:01:14,27.472,-89.065
07/11/2019 22:03:14,27.474,-89.063
07/11/2019 22:05:14,27.476,-89.061
07/11/2019 22:07:14,27.478,-89.059
07/11/2019 22:09:13,27.480,-89.058
07/11/2019 22:11:13,27.483,-89.056
07/11/2019 22:13:13,27.485,-89.054
07/11/2019 22:15:13,27.487,-89.052
07/11/2019 22:17:14,27.489,-89.051
07/11/2019 22:19:14,27.491,-89.049
07/11/2019 22:21:14,27.493,-89.048
07/11/2019 22:23:14,27.495,-89.047
07/11/2019 22:25:13,27.497,-89.045
07/11/2019 22:27:13,27.500,-89.044
07/11/2019 22:29:13,27.502,-89.043
07/11/2019 22:31:14,27.504,-89.042
07/11/2019 22:33:14,27.506,-89.040
07/11/2019 22:35:14,27.508,-89.039
07/11/2019 22:37:14,27.510,-89.038
07/11/2019 22:39:13,27.512,-89.037
07/11/2019 22:41:13,27.514,-89.037
07/11/2019 22:43:13,27.516,-89.036
07/11/2019 22:45:13,27.519,-89.035
07/11/2019 22:47:14,27.521,-89.034
07/11/2019 22:49:14,27.523,-89.034
07/11/2019 22:51:14,27.525,-89.033
07/11/2019 22:53:14,27.527,-89.032
07/11/2019 22:55:13,27.529,-89.032
07/11/2019 22:57:13,27.531,-89.031
07/11/2019 22:59:13,27.533,-89.031
07/11/2019 23:01:14,27.535,-89.031
07/11/2019 23:03:14,27.537,-89.030
07/11/2019 23:04:42,27.539,-89.030
07/11/2019 23:06:42,27.541,-89.031
07/11/2019 23:08:42,27.543,-89.032
07/11/2019 23:10:41,27.545,-89.032
07/11/2019 23:12:41,27.547,-89.033
07/11/2019 23:14:41,27.549,-89.034
07/11/2019 23:16:41,27.552,-89.035
07/11/2019 23:18:42,27.554,-89.035
07/11/2019 23:20:42,27.556,-89.036
07/11/2019 23:22:42,27.558,-89.037
07/11/2019 23:24:42,27.560,-89.038
07/11/2019 23:26:41,27.562,-89.038
07/11/2019 23:28:41,27.564,-89.039
07/11/2019 23:30:41,27.566,-89.040
07/11/2019 23:32:41,27.568,-89.041
07/11/2019 23:34:42,27.570,-89.041
07/11/2019 23:36:42,27.572,-89.042
07/11/2019 23:38:42,27.575,-89.043
07/11/2019 23:40:41,27.577,-89.044
07/11/2019 23:42:41,27.579,-89.044
07/11/2019 23:44:41,27.581,-89.045
07/11/2019 23:46:41,27.583,-89.046
07/11/2019 23:48:42,27.585,-89.047
07/11/2019 23:50:42,27.587,-89.047
07/11/2019 23:52:42,27.589,-89.048
07/11/2019 23:54:42,27.591,-89.049
07/11/2019 23:56:41,27.593,-89.050
07/11/2019 23:58:41,27.595,-89.050
07/12/2019 00:00:41,27.598,-89.051
07/12/2019 00:02:41,27.600,-89.052
07/12/2019 00:04:42,27.602,-89.053
07/12/2019 00:06:42,27.604,-89.053
07/12/2019 00:08:42,27.606,-89.054
07/12/2019 00:10:41,27.608,-89.055
07/12/2019 00:12:41,27.610,-89.056
07/12/2019 00:14:41,27.612,-89.056
07/12/2019 00:16:41,27.614,-89.057
07/12/2019 00:18:42,27.616,-89.058
07/12/2019 00:20:42,27.618,-89.059
07/12/2019 00:22:42,27.620,-89.059
07/12/2019 00:24:42,27.623,-89.060
07/12/2019 00:26:41,27.625,-89.061
07/12/2019 00:28:41,27.627,-89.062
07/12/2019 00:30:41,27.629,-89.063
07/12/2019 00:32:41,27.631,-89.063
07/12/2019 00:34:42,27.633,-89.064
07/12/2019 00:36:42,27.635,-89.065
07/12/2019 00:38:42,27.637,-89.066
07/12/2019 00:40:41,27.639,-89.066
07/12/2019 00:42:41,27.641,-89.067
07/12/2019 00:44:41,27.643,-89.068
07/12/2019 00:46:41,27.646,-89.069
07/12/2019 00:48:42,27.648,-89.069
07/12/2019 00:50:42,27.650,-89.070
07/12/2019 00:52:42,27.652,-89.071
07/12/2019 00:54:42,27.654,-89.072
07/12/2019 00:56:41,27.656,-89.072
07/12/2019 00:58:41,27.658,-89.073
07/12/2019 01:00:41,27.660,-89.074
07/12/2019 01:02:41,27.662,-89.075
07/12/2019 01:04:42,27.664,-89.075
07/12/2019 01:06:42,27.666,-89.076
07/12/2019 01:08:42,27.669,-89.077
07/12/2019 01:10:41,27.671,-89.078
07/12/2019 01:12:41,27.673,-89.078
07/12/2019 01:14:41,27.675,-89.079
07/12/2019 01:16:41,27.677,-89.080
07/12/2019 01:18:42,27.679,-89.081
07/12/2019 01:19:40,27.680,-89.081
07/12/2019 01:21:39,27.717,-89.105
07/12/2019 01:23:39,27.754,-89.130
07/12/2019 01:25:39,27.791,-89.154
07/12/2019 01:27:40,27.829,-89.179
07/12/2019 01:29:40,27.866,-89.203
07/12/2019 01:31:40,27.903,-89.228
07/12/2019 01:33:40,27.940,-89.252
07/12/2019 01:35:39,27.977,-89.277
07/12/2019 01:37:39,28.014,-89.301
07/12/2019 01:39:39,28.052,-89.326
07/12/2019 01:40:00,28.058,-89.330
07/12/2019 01:42:01,28.062,-89.332
07/12/2019 01:44:01,28.066,-89.334
07/12/2019 01:46:01,28.070,-89.336
07/12/2019 01:48:00,28.074,-89.337
07/12/2019 01:50:00,28.078,-89.339
07/12/2019 01:52:00,28.082,-89.341
07/12/2019 01:54:00,28.086,-89.343
07/12/2019 01:56:01,28.090,-89.345
07/12/2019 01:58:01,28.094,-89.347
07/12/2019 02:00:01,28.098,-89.348
07/12/2019 02:02:01,28.102,-89.350
07/12/2019 02:04:00,28.106,-89.352
07/12/2019 02:06:00,28.110,-89.354
07/12/2019 02:08:00,28.114,-89.356
07/12/2019 02:10:00,28.118,-89.358
07/12/2019 02:12:01,28.122,-89.359
07/12/2019 02:14:01,28.126,-89.361
07/12/2019 02:16:01,28.130,-89.363
07/12/2019 02:18:00,28.134,-89.365
07/12/2019 02:20:00,28.138,-89.367
07/12/2019 02:22:00,28.142,-89.369
07/12/2019 02:24:00,28.146,-89.371
07/12/2019 02:26:01,28.150,-89.372
07/12/2019 02:28:01,28.154,-89.374
07/12/2019 02:30:01,28.158,-89.376
07/12/2019 02:32:01,28.162,-89.378
07/12/2019 02:34:00,28.166,-89.380
07/12/2019 02:36:00,28.170,-89.382
07/12/2019 02:38:00,28.174,-89.383
07/12/2019 02:40:00,28.178,-89.385
07/12/2019 02:42:01,28.182,-89.387
07/12/2019 02:44:01,28.186,-89.389
07/12/2019 02:46:01,28.190,-89.391
07/12/2019 02:48:00,28.194,-89.393
07/12/2019 02:50:00,28.198,-89.394
07/12/2019 02:52:00,28.202,-89.396
07/12/2019 02:54:00,28.206,-89.398
07/12/2019 02:56:01,28.210,-89.400
07/12/2019 02:58:01,28.214,-89.402
07/12/2019 03:00:01,28.218,-89.404
07/12/2019 03:02:01,28.222,-89.406
07/12/2019 03:04:00,28.226,-89.407
07/12/2019 03:06:00,28.230,-89.409
07/12/2019 03:08:00,28.234,-89.411
07/12/2019 03:10:00,28.238,-89.413
07/12/2019 03:12:01,28.242,-89.415
07/12/2019 03:14:01,28.246,-89.417
07/12/2019 03:16:01,28.250,-89.418
07/12/2019 03:18:00,28.254,-89.420
07/12/2019 03:18:47,28.256,-89.421
07/12/2019 03:20:48,28.259,-89.424
07/12/2019 03:22:48,28.261,-89.428
07/12/2019 03:24:48,28.264,-89.431
07/12/2019 03:26:48,28.267,-89.435
07/12/2019 03:28:47,28.269,-89.438
07/12/2019 03:30:47,28.271,-89.442
07/12/2019 03:32:47,28.274,-89.446
07/12/2019 03:34:48,28.276,-89.450
07/12/2019 03:36:48,28.278,-89.454
07/12/2019 03:38:48,28.280,-89.458
07/12/2019 03:40:48,28.282,-89.462
07/12/2019 03:42:47,28.284,-89.466
07/12/2019 03:44:47,28.285,-89.471
07/12/2019 03:46:47,28.287,-89.475
07/12/2019 03:48:47,28.288,-89.480
07/12/2019 03:50:48,28.290,-89.485
07/12/2019 03:52:48,28.291,-89.489
07/12/2019 03:54:48,28.293,-89.494
07/12/2019 03:56:48,28.294,-89.499
07/12/2019 03:58:47,28.295,-89.505
07/12/2019 04:00:47,28.296,-89.510
07/12/2019 04:02:47,28.296,-89.515
07/12/2019 04:04:48,28.297,-89.521
07/12/2019 04:06:48,28.298,-89.527
07/12/2019 04:08:48,28.298,-89.532
07/12/2019 04:10:48,28.299,-89.538
07/12/2019 04:12:47,28.299,-89.544
07/12/2019 04:14:47,28.299,-89.551
07/12/2019 04:16:47,28.299,-89.557
07/12/2019 04:18:47,28.299,-89.563
07/12/2019 04:20:48,28.299,-89.570
07/12/2019 04:22:48,28.299,-89.577
07/12/2019 04:24:48,28.298,-89.584
07/12/2019 04:26:48,28.298,-89.591
07/12/2019 04:28:47,28.297,-89.598
07/12/2019 04:30:47,28.296,-89.605
07/12/2019 04:32:47,28.295,-89.612
07/12/2019 04:34:48,28.294,-89.620
07/12/2019 04:36:48,28.293,-89.628
07/12/2019 04:38:48,28.292,-89.636
07/12/2019 04:40:48,28.290,-89.644
07/12/2019 04:42:47,28.288,-89.652
07/12/2019 04:44:47,28.287,-89.660
07/12/2019 04:46:47,28.285,-89.669
07/12/2019 04:48:47,28.283,-89.677
07/12/2019 04:50:48,28.281,-89.686
07/12/2019 04:52:48,28.278,-89.695
07/12/2019 04:54:48,28.276,-89.704
07/12/2019 04:56:48,28.273,-89.714
07/12/2019 04:58:47,28.271,-89.723
07/12/2019 05:00:47,28.268,-89.733
07/12/2019 05:02:47,28.265,-89.743
07/12/2019 05:04:48,28.261,-89.753
07/12/2019 05:06:48,28.258,-89.763
07/12/2019 05:08:48,28.255,-89.773
07/12/2019 05:10:48,28.251,-89.783
07/12/2019 05:12:47,28.248,-89.794
07/12/2019 05:14:47,28.244,-89.804
07/12/2019 05:16:47,28.240,-89.815
07/12/2019 05:18:47,28.236,-89.826
07/12/2019 05:20:48,28.232,-89.837
07/12/2019 05:22:48,28.228,-89.848
07/12/2019 05:23:03,28.227,-89.849
07/12/2019 05:25:02,28.227,-89.855
07/12/2019 05:27:02,28.226,-89.860
07/12/2019 05:29:02,28.226,-89.866
07/12/2019 05:31:03,28.225,-89.871
07/12/2019 05:33:03,28.225,-89.876
07/12/2019 05:35:03,28.224,-89.882
07/12/2019 05:37:03,28.224,-89.887
07/12/2019 05:39:02,28.224,-89.892
07/12/2019 05:41:02,28.223,-89.897
07/12/2019 05:43:02,28.223,-89.902
07/12/2019 05:45:02,28.222,-89.907
07/12/2019 05:47:03,28.222,-89.912
07/12/2019 05:49:03,28.221,-89.917
07/12/2019 05:51:03,28.221,-89.922
07/12/2019 05:53:03,28.221,-89.927
07/12/2019 05:55:02,28.220,-89.931
07/12/2019 05:57:02,28.220,-89.936
07/12/2019 05:59:02,28.219,-89.940
07/12/2019 06:01:03,28.219,-89.945
07/12/2019 06:03:03,28.219,-89.949
07/12/2019 06:05:03,28.218,-89.953
07/12/2019 06:07:03,28.218,-89.957
07/12/2019 06:09:02,28.217,-89.961
07/12/2019 06:11:02,28.217,-89.965
07/12/2019 06:13:02,28.217,-89.969
07/12/2019 06:15:02,28.216,-89.973
07/12/2019 06:17:03,28.216,-89.977
07/12/2019 06:19:03,28.216,-89.980
07/12/2019 06:21:03,28.215,-89.984
07/12/2019 06:23:03,28.215,-89.987
07/12/2019 06:25:02,28.214,-89.991
07/12/2019 06:27:02,28.214,-89.994
07/12/2019 06:29:02,28.214,-89.997
07/12/2019 06:31:03,28.213,-90.000
07/12/2019 06:33:03,28.213,-90.004
07/12/2019 06:35:03,28.213,-90.006
07/12/2019 06:37:03,28.212,-90.009
07/12/2019 06:39:02,28.212,-90.012
07/12/2019 06:41:02,28.211,-90.015
07/12/2019 06:43:02,28.211,-90.017
07/12/2019 06:45:02,28.211,-90.020
07/12/2019 06:47:03,28.210,-90.022
07/12/2019 06:49:03,28.210,-90.024
07/12/2019 06:51:03,28.210,-90.027
07/12/2019 06:53:03,28.209,-90.029
07/12/2019 06:55:02,28.209,-90.031
07/12/2019 06:57:02,28.209,-90.033
07/12/2019 06:59:02,28.208,-90.034
07/12/2019 07:01:03,28.208,-90.036
07/12/2019 07:03:03,28.208,-90.038
07/12/2019 07:05:03,28.207,-90.039
07/12/2019 07:07:03,28.207,-90.041
07/12/2019 07:09:02,28.207,-90.042
07/12/2019 07:11:02,28.206,-90.044
07/12/2019 07:13:02,28.206,-90.045
07/12/2019 07:15:02,28.206,-90.046
07/12/2019 07:17:03,28.205,-90.047
07/12/2019 07:19:03,28.205,-90.049
07/12/2019 07:21:03,28.205,-90.050
07/12/2019 07:23:03,28.204,-90.050
07/12/2019 07:25:02,28.204,-90.051
07/12/2019 07:27:02,28.204,-90.052
07/12/2019 07:29:02,28.203,-90.053
07/12/2019 07:31:03,28.203,-90.054
07/12/2019 07:33:03,28.203,-90.054
07/12/2019 07:35:03,28.202,-90.055
07/12/2019 07:37:03,28.202,-90.055
07/12/2019 07:39:02,28.201,-90.056
07/12/2019 07:41:02,28.201,-90.056
07/12/2019 07:43:02,28.201,-90.056
07/12/2019 07:45:02,28.200,-90.057
07/12/2019 07:47:03,28.200,-90.057
07/12/2019 07:49:03,28.200,-90.057
07/12/2019 07:51:03,28.199,-90.057
07/12/2019 07:53:03,28.199,-90.057
07/12/2019 07:55:02,28.199,-90.058
07/12/2019 07:57:02,28.198,-90.058
07/12/2019 07:59:02,28.198,-90.057
07/12/2019 08:01:03,28.197,-90.057
07/12/2019 08:03:03,28.197,-90.057
07/12/2019 08:05:03,28.197,-90.057
07/12/2019 08:07:03,28.196,-90.057
07/12/2019 08:09:02,28.196,-90.057
07/12/2019 08:11:02,28.195,-90.056
07/12/2019 08:13:02,28.195,-90.056
07/12/2019 08:15:02,28.195,-90.056
07/12/2019 08:17:03,28.194,-90.055
07/12/2019 08:19:03,28.194,-90.055
07/12/2019 08:21:03,28.193,-90.055
07/12/2019 08:23:03,28.193,-90.054
07/12/2019 08:25:02,28.192,-90.054
07/12/2019 08:27:02,28.192,-90.053
07/12/2019 08:29:02,28.191,-90.053
07/12/2019 08:31:03,28.191,-90.052
07/12/2019 08:33:03,28.190,-90.052
07/12/2019 08:35:03,28.190,-90.051
07/12/2019 08:37:03,28.189,-90.051
07/12/2019 08:39:02,28.189,-90.050
07/12/2019 08:41:02,28.188,-90.049
07/12/2019 08:43:02,28.188,-90.049
07/12/2019 08:45:02,28.187,-90.048
07/12/2019 08:47:03,28.187,-90.047
07/12/2019 08:49:03,28.186,-90.047
07/12/2019 08:51:03,28.186,-90.046
07/12/2019 08:53:03,28.185,-90.045
07/12/2019 08:55:02,28.185,-90.045
07/12/2019 08:57:02,28.184,-90.044
07/12/2019 08:59:02,28.184,-90.043
07/12/2019 09:01:03,28.183,-90.043
07/12/2019 09:03:03,28.182,-90.042
07/12/2019 09:05:03,28.182,-90.041
07/12/2019 09:07:03,28.181,-90.041
07/12/2019 09:09:02,28.181,-90.040
07/12/2019 09:11:02,28.180,-90.039
07/12/2019 09:13:02,28.179,-90.039
07/12/2019 09:15:02,28.179,-90.038
07/12/2019 09:17:03,28.178,-90.037
07/12/2019 09:19:03,28.177,-90.037
07/12/2019 09:21:03,28.177,-90.036
07/12/2019 09:23:03,28.176,-90.036
07/12/2019 09:25:02,28.175,-90.035
07/12/2019 09:27:02,28.174,-90.035
07/12/2019 09:29:02,28.174,-90.034
07/12/2019 09:31:03,28.173,-90.034
07/12/2019 09:33:03,28.172,-90.033
07/12/2019 09:35:03,28.171,-90.033
07/12/2019 09:37:03,28.171,-90.032
07/12/2019 09:39:02,28.170,-90.032
07/12/2019 09:41:02,28.169,-90.031
07/12/2019 09:43:02,28.168,-90.031
07/12/2019 09:45:02,28.167,-90.031
07/12/2019 09:47:03,28.167,-90.030
07/12/2019 09:49:03,28.166,-90.030
07/12/2019 09:51:03,28.165,-90.030
07/12/2019 09:53:03,28.164,-90.030
07/12/2019 09:55:02,28.163,-90.029
07/12/2019 09:57:02,28.162,-90.029
07/12/2019 09:59:02,28.161,-90.029
07/12/2019 10:01:03,28.160,-90.029
07/12/2019 10:03:03,28.159,-90.029
07/12/2019 10:05:03,28.158,-90.029
07/12/2019 10:07:03,28.157,-90.029
07/12/2019 10:09:02,28.156,-90.029
07/12/2019 10:11:02,28.155,-90.030
07/12/2019 10:13:02,28.154,-90.030
07/12/2019 10:15:02,28.153,-90.030
07/12/2019 10:17:03,28.152,-90.030
07/12/2019 10:19:03,28.151,-90.031
07/12/2019 10:21:03,28.150,-90.031
07/12/2019 10:23:03,28.149,-90.031
07/12/2019 10:25:02,28.148,-90.032
07/12/2019 10:27:02,28.147,-90.032
07/12/2019 10:29:02,28.146,-90.033
07/12/2019 10:31:03,28.145,-90.033
07/12/2019 10:33:03,28.144,-90.034
07/12/2019 10:35:03,28.142,-90.035
07/12/2019 10:37:03,28.141,-90.035
07/12/2019 10:39:02,28.140,-90.036
07/12/2019 10:41:02,28.139,-90.037
07/12/2019 10:43:02,28.138,-90.037
07/12/2019 10:45:02,28.137,-90.038
07/12/2019 10:47:03,28.135,-90.039
07/12/2019 10:49:03,28.134,-90.040
07/12/2019 10:51:03,28.133,-90.041
07/12/2019 10:53:03,28.132,-90.041
07/12/2019 10:55:02,28.130,-90.042
07/12/2019 10:57:02,28.129,-90.043
07/12/2019 10:59:02,28.128,-90.044
07/12/2019 11:01:03,28.127,-90.045
07/12/2019 11:03:03,28.125,-90.046
07/12/2019 11:05:03,28.124,-90.047
07/12/2019 11:07:03,28.123,-90.049
07/12/2019 11:09:02,28.121,-90.050
07/12/2019 11:11:02,28.120,-90.051
07/12/2019 11:13:02,28.119,-90.052
07/12/2019 11:15:02,28.117,-90.053
07/12/2019 11:17:03,28.116,-90.054
07/12/2019 11:19:03,28.114,-90.056
07/12/2019 11:21:03,28.113,-90.057
07/12/2019 11:22:38,28.112,-90.058
07/12/2019 11:24:38,28.110,-90.063
07/12/2019 11:26:38,28.107,-90.069
07/12/2019 11:28:38,28.105,-90.074
07/12/2019 11:30:37,28.103,-90.079
07/12/2019 11:32:37,28.101,-90.085
07/12/2019 11:34:37,28.098,-90.090
07/12/2019 11:36:37,28.096,-90.094
07/12/2019 11:38:38,28.094,-90.099
07/12/2019 11:40:38,28.092,-90.104
07/12/2019 11:42:38,28.090,-90.108
07/12/2019 11:44:37,28.088,-90.113
07/12/2019 11:46:37,28.086,-90.117
07/12/2019 11:48:37,28.084,-90.121
07/12/2019 11:50:37,28.082,-90.125
07/12/2019 11:52:38,28.080,-90.129
07/12/2019 11:54:38,28.078,-90.133
07/12/2019 11:56:38,28.076,-90.136
07/12/2019 11:58:38,28.074,-90.140
07/12/2019 12:00:37,28.072,-90.143
07/12/2019 12:02:37,28.070,-90.146
07/12/2019 12:04:37,28.068,-90.149
07/12/2019 12:06:37,28.067,-90.152
07/12/2019 12:08:38,28.065,-90.154
07/12/2019 12:10:38,28.063,-90.157
07/12/2019 12:12:38,28.062,-90.159
07/12/2019 12:14:37,28.060,-90.161
07/12/2019 12:16:37,28.058,-90.163
07/12/2019 12:18:37,28.057,-90.165
07/12/2019 12:20:37,28.055,-90.167
07/12/2019 12:22:38,28.054,-90.169
07/12/2019 12:24:38,28.052,-90.170
07/12/2019 12:26:38,28.051,-90.172
07/12/2019 12:28:38,28.049,-90.173
07/12/2019 12:30:37,28.048,-90.174
07/12/2019 12:32:37,28.047,-90.175
07/12/2019 12:34:37,28.045,-90.176
07/12/2019 12:36:37,28.044,-90.176
07/12/2019 12:38:38,28.043,-90.177
07/12/2019 12:40:38,28.041,-90.177
07/12/2019 12:42:38,28.040,-90.178
07/12/2019 12:44:37,28.039,-90.178
07/12/2019 12:46:37,28.038,-90.178
07/12/2019 12:48:37,28.036,-90.178
07/12/2019 12:50:37,28.035,-90.178
07/12/2019 12:52:38,28.034,-90.177
07/12/2019 12:54:38,28.033,-90.177
07/12/2019 12:56:38,28.032,-90.177
07/12/2019 12:58:38,28.031,-90.176
07/12/2019 13:00:37,28.030,-90.175
07/12/2019 13:02:37,28.029,-90.174
07/12/2019 13:04:37,28.028,-90.174
07/12/2019 13:06:37,28.027,-90.173
07/12/2019 13:08:38,28.026,-90.171
07/12/2019 13:10:38,28.025,-90.170
07/12/2019 13:12:38,28.024,-90.169
07/12/2019 13:14:37,28.023,-90.167
07/12/2019 13:16:37,28.022,-90.166
07/12/2019 13:18:37,28.022,-90.164
07/12/2019 13:19:58,28.021,-90.163
07/12/2019 13:21:58,28.019,-90.161
07/12/2019 13:23:58,28.017,-90.159
07/12/2019 13:25:57,28.015,-90.157
07/12/2019 13:27:57,28.012,-90.155
07/12/2019 13:29:57,28.010,-90.152
07/12/2019 13:31:57,28.008,-90.149
07/12/2019 13:33:58,28.006,-90.146
07/12/2019 13:35:58,28.004,-90.143
07/12/2019 13:37:58,28.001,-90.140
07/12/2019 13:39:57,27.999,-90.137
07/12/2019 13:41:57,27.997,-90.133
07/12/2019 13:43:57,27.995,-90.130
07/12/2019 13:45:57,27.993,-90.126
07/12/2019 13:47:58,27.990,-90.122
07/12/2019 13:49:58,27.988,-90.118
07/12/2019 13:51:58,27.986,-90.114
07/12/2019 13:53:58,27.984,-90.110
07/12/2019 13:55:57,27.982,-90.106
07/12/2019 13:57:57,27.980,-90.102
07/12/2019 13:59:57,27.978,-90.097
07/12/2019 14:01:57,27.976,-90.093
07/12/2019 14:03:58,27.974,-90.088
07/12/2019 14:05:58,27.973,-90.084
07/12/2019 14:07:58,27.971,-90.079
07/12/2019 14:09:57,27.969,-90.075
07/12/2019 14:11:57,27.968,-90.070
07/12/2019 14:13:57,27.966,-90.066
07/12/2019 14:15:57,27.965,-90.061
07/12/2019 14:17:58,27.964,-90.056
07/12/2019 14:19:58,27.963,-90.052
07/12/2019 14:21:58,27.961,-90.047
07/12/2019 14:23:58,27.960,-90.042
07/12/2019 14:25:57,27.960,-90.038
07/12/2019 14:27:57,27.959,-90.033
07/12/2019 14:29:57,27.958,-90.028
07/12/2019 14:31:57,27.958,-90.024
07/12/2019 14:33:58,27.957,-90.020
07/12/2019 14:35:58,27.957,-90.015
07/12/2019 14:37:58,27.957,-90.011
07/12/2019 14:39:57,27.957,-90.007
07/12/2019 14:41:57,27.957,-90.002
07/12/2019 14:43:57,27.958,-89.998
07/12/2019 14:45:57,27.958,-89.994
07/12/2019 14:47:58,27.959,-89.991
07/12/2019 14:49:58,27.960,-89.987
07/12/2019 14:51:58,27.961,-89.983
07/12/2019 14:53:58,27.962,-89.980
07/12/2019 14:55:57,27.964,-89.976
07/12/2019 14:57:57,27.965,-89.973
07/12/2019 14:59:57,27.967,-89.970
07/12/2019 15:01:57,27.969,-89.967
07/12/2019 15:03:58,27.971,-89.964
07/12/2019 15:05:58,27.974,-89.961
07/12/2019 15:07:58,27.976,-89.959
07/12/2019 15:09:57,27.979,-89.957
07/12/2019 15:11:57,27.982,-89.955
07/12/2019 15:13:57,27.986,-89.953
07/12/2019 15:15:57,27.989,-89.951
07/12/2019 15:17:58,27.993,-89.950
07/12/2019 15:19:04,27.995,-89.949
07/12/2019 15:21:04,28.004,-89.949
07/12/2019 15:23:04,28.013,-89.948
07/12/2019 15:25:04,28.022,-89.948
07/12/2019 15:27:03,28.032,-89.948
07/12/2019 15:29:03,28.042,-89.948
07/12/2019 15:31:03,28.052,-89.949
07/12/2019 15:33:03,28.063,-89.949
07/12/2019 15:35:04,28.073,-89.950
07/12/2019 15:37:04,28.085,-89.950
07/12/2019 15:39:04,28.096,-89.951
07/12/2019 15:41:03,28.108,-89.952
07/12/2019 15:43:03,28.119,-89.954
07/12/2019 15:45:03,28.132,-89.955
07/12/2019 15:47:03,28.144,-89.957
07/12/2019 15:49:04,28.156,-89.958
07/12/2019 15:51:04,28.169,-89.960
07/12/2019 15:53:04,28.181,-89.962
07/12/2019 15:55:04,28.194,-89.964
07/12/2019 15:57:03,28.207,-89.967
07/12/2019 15:59:03,28.220,-89.969
07/12/2019 16:01:03,28.234,-89.972
07/12/2019 16:03:03,28.247,-89.975
07/12/2019 16:05:03,28.260,-89.977
07/12/2019 16:07:03,28.273,-89.981
07/12/2019 16:09:03,28.287,-89.984
07/12/2019 16:11:04,28.300,-89.987
07/12/2019 16:13:04,28.313,-89.991
07/12/2019 16:15:04,28.327,-89.995
07/12/2019 16:17:04,28.340,-89.999
07/12/2019 16:19:04,28.353,-90.003
07/12/2019 16:21:04,28.366,-90.007
07/12/2019 16:23:04,28.379,-90.011
07/12/2019 16:25:04,28.392,-90.016
07/12/2019 16:27:03,28.405,-90.021
07/12/2019 16:29:03,28.418,-90.026
07/12/2019 16:31:03,28.431,-90.031
07/12/2019 16:33:03,28.443,-90.036
07/12/2019 16:35:03,28.455,-90.041
07/12/2019 16:37:03,28.467,-90.047
07/12/2019 16:39:03,28.479,-90.053
07/12/2019 16:41:04,28.491,-90.059
07/12/2019 16:43:04,28.502,-90.065
07/12/2019 16:45:04,28.513,-90.071
07/12/2019 16:47:04,28.524,-90.077
07/12/2019 16:49:04,28.535,-90.084
07/12/2019 16:51:04,28.545,-90.091
07/12/2019 16:53:04,28.555,-90.098
07/12/2019 16:55:04,28.565,-90.105
07/12/2019 16:57:03,28.574,-90.112
07/12/2019 16:59:03,28.583,-90.119
07/12/2019 17:01:03,28.592,-90.127
07/12/2019 17:03:03,28.600,-90.135
07/12/2019 17:05:03,28.608,-90.143
07/12/2019 17:07:03,28.615,-90.151
07/12/2019 17:09:03,28.622,-90.159
07/12/2019 17:11:04,28.629,-90.168
07/12/2019 17:13:04,28.635,-90.176
07/12/2019 17:15:04,28.641,-90.185
07/12/2019 17:17:04,28.646,-90.194
07/12/2019 17:19:04,28.651,-90.203
07/12/2019 17:21:04,28.656,-90.213
07/12/2019 17:23:04,28.660,-90.222
07/12/2019 17:25:04,28.664,-90.232
07/12/2019 17:27:03,28.667,-90.241
07/12/2019 17:29:03,28.670,-90.251
07/12/2019 17:31:03,28.673,-90.261
07/12/2019 17:31:11,28.673,-90.262
07/12/2019 17:33:12,28.676,-90.271
07/12/2019 17:35:12,28.679,-90.281
07/12/2019 17:37:12,28.681,-90.291
07/12/2019 17:39:12,28.683,-90.301
07/12/2019 17:41:12,28.685,-90.312
07/12/2019 17:43:12,28.686,-90.322
07/12/2019 17:45:12,28.687,-90.333
07/12/2019 17:47:12,28.688,-90.344
07/12/2019 17:49:11,28.688,-90.355
07/12/2019 17:51:11,28.688,-90.366
07/12/2019 17:53:11,28.688,-90.378
07/12/2019 17:55:11,28.688,-90.389
07/12/2019 17:57:11,28.687,-90.401
07/12/2019 17:59:11,28.686,-90.413
07/12/2019 18:01:11,28.685,-90.425
07/12/2019 18:03:12,28.683,-90.437
07/12/2019 18:05:12,28.681,-90.449
07/12/2019 18:07:12,28.679,-90.462
07/12/2019 18:09:12,28.677,-90.474
07/12/2019 18:11:12,28.675,-90.487
07/12/2019 18:13:12,28.672,-90.500
07/12/2019 18:15:12,28.669,-90.512
07/12/2019 18:17:12,28.666,-90.525
07/12/2019 18:19:11,28.663,-90.538
07/12/2019 18:21:11,28.659,-90.551
07/12/2019 18:23:11,28.655,-90.564
07/12/2019 18:25:11,28.652,-90.577
07/12/2019 18:27:11,28.648,-90.590
07/12/2019 18:29:11,28.643,-90.603
07/12/2019 18:31:11,28.639,-90.616
07/12/2019 18:33:12,28.634,-90.629
07/12/2019 18:35:12,28.630,-90.643
07/12/2019 18:37:12,28.625,-90.656
07/12/2019 18:39:12,28.620,-90.669
07/12/2019 18:41:12,28.615,-90.682
07/12/2019 18:43:12,28.610,-90.695
07/12/2019 18:45:12,28.605,-90.708
07/12/2019 18:47:12,28.599,-90.721
07/12/2019 18:49:11,28.594,-90.734
07/12/2019 18:51:11,28.588,-90.746
07/12/2019 18:53:11,28.582,-90.759
07/12/2019 18:55:11,28.577,-90.772
07/12/2019 18:57:11,28.571,-90.784
07/12/2019 18:59:11,28.565,-90.797
07/12/2019 19:00:31,28.561,-90.805
07/12/2019 19:02:31,28.558,-90.815
07/12/2019 19:04:31,28.556,-90.824
07/12/2019 19:06:31,28.553,-90.834
07/12/2019 19:08:31,28.550,-90.843
07/12/2019 19:10:30,28.548,-90.852
07/12/2019 19:12:30,28.545,-90.860
07/12/2019 19:14:30,28.542,-90.869
07/12/2019 19:16:30,28.539,-90.878
07/12/2019 19:18:30,28.537,-90.886
07/12/2019 19:20:30,28.534,-90.894
07/12/2019 19:22:30,28.531,-90.902
07/12/2019 19:24:30,28.528,-90.909
07/12/2019 19:26:31,28.526,-90.917
07/12/2019 19:28:31,28.523,-90.924
07/12/2019 19:30:31,28.520,-90.931
07/12/2019 19:32:31,28.517,-90.938
07/12/2019 19:34:31,28.514,-90.944
07/12/2019 19:36:31,28.511,-90.951
07/12/2019 19:38:31,28.509,-90.957
07/12/2019 19:40:30,28.506,-90.963
07/12/2019 19:42:30,28.503,-90.969
07/12/2019 19:44:30,28.500,-90.974
07/12/2019 19:46:30,28.497,-90.980
07/12/2019 19:48:30,28.494,-90.985
07/12/2019 19:50:30,28.491,-90.990
07/12/2019 19:52:30,28.488,-90.995
07/12/2019 19:54:30,28.485,-91.000
07/12/2019 19:56:31,28.482,-91.004
07/12/2019 19:58:31,28.479,-91.009
07/12/2019 20:00:31,28.476,-91.013
07/12/2019 20:02:31,28.474,-91.017
07/12/2019 20:04:31,28.471,-91.020
07/12/2019 20:06:31,28.468,-91.024
07/12/2019 20:08:31,28.465,-91.028
07/12/2019 20:10:30,28.462,-91.031
07/12/2019 20:12:30,28.459,-91.034
07/12/2019 20:14:30,28.456,-91.037
07/12/2019 20:16:30,28.453,-91.040
07/12/2019 20:18:30,28.450,-91.042
07/12/2019 20:20:30,28.447,-91.045
07/12/2019 20:22:30,28.444,-91.047
07/12/2019 20:24:30,28.441,-91.049
07/12/2019 20:26:31,28.438,-91.051
07/12/2019 20:28:31,28.435,-91.053
07/12/2019 20:30:31,28.432,-91.055
07/12/2019 20:32:31,28.429,-91.057
07/12/2019 20:34:31,28.426,-91.058
07/12/2019 20:36:31,28.423,-91.060
07/12/2019 20:38:31,28.420,-91.061
07/12/2019 20:40:30,28.417,-91.062
07/12/2019 20:42:30,28.414,-91.063
07/12/2019 20:44:30,28.411,-91.064
07/12/2019 20:46:30,28.408,-91.064
07/12/2019 20:48:30,28.405,-91.065
07/12/2019 20:50:30,28.402,-91.065
07/12/2019 20:52:30,28.399,-91.065
07/12/2019 20:54:30,28.396,-91.066
07/12/2019 20:56:31,28.393,-91.066
07/12/2019 20:58:31,28.390,-91.066
07/12/2019 21:00:31,28.387,-91.065
07/12/2019 21:02:31,28.384,-91.065
07/12/2019 21:04:31,28.381,-91.065
07/12/2019 21:06:31,28.378,-91.064
07/12/2019 21:08:31,28.375,-91.064
07/12/2019 21:10:30,28.372,-91.063
07/12/2019 21:12:30,28.369,-91.062
07/12/2019 21:14:30,28.367,-91.061
07/12/2019 21:16:30,28.364,-91.060
07/12/2019 21:18:30,28.361,-91.059
07/12/2019 21:20:30,28.358,-91.058
07/12/2019 21:22:30,28.355,-91.057
07/12/2019 21:24:30,28.352,-91.056
07/12/2019 21:26:31,28.349,-91.054
07/12/2019 21:28:31,28.347,-91.053
07/12/2019 21:30:31,28.344,-91.051
07/12/2019 21:32:31,28.341,-91.049
07/12/2019 21:34:31,28.338,-91.048
07/12/2019 21:36:31,28.336,-91.046
07/12/2019 21:38:31,28.333,-91.044
07/12/2019 21:40:30,28.330,-91.042
07/12/2019 21:42:30,28.327,-91.040
07/12/2019 21:44:30,28.325,-91.038
07/12/2019 21:46:30,28.322,-91.036
07/12/2019 21:48:30,28.319,-91.033
07/12/2019 21:50:30,28.316,-91.031
07/12/2019 21:52:30,28.314,-91.029
07/12/2019 21:54:30,28.311,-91.026
07/12/2019 21:56:31,28.308,-91.024
07/12/2019 21:58:31,28.306,-91.021
07/12/2019 22:00:31,28.303,-91.019
07/12/2019 22:02:31,28.300,-91.016
07/12/2019 22:04:31,28.298,-91.013
07/12/2019 22:06:31,28.295,-91.010
07/12/2019 22:08:31,28.293,-91.007
07/12/2019 22:10:30,28.290,-91.004
07/12/2019 22:12:30,28.287,-91.002
07/12/2019 22:13:31,28.286,-91.000
07/12/2019 22:15:31,28.281,-90.996
07/12/2019 22:17:31,28.277,-90.992
07/12/2019 22:19:31,28.272,-90.988
07/12/2019 22:21:31,28.268,-90.983
07/12/2019 22:23:31,28.264,-90.979
07/12/2019 22:25:31,28.260,-90.976
07/12/2019 22:27:31,28.256,-90.972
07/12/2019 22:29:32,28.253,-90.968
07/12/2019 22:31:32,28.249,-90.964
07/12/2019 22:33:32,28.246,-90.960
07/12/2019 22:35:32,28.243,-90.956
07/12/2019 22:37:32,28.240,-90.953
07/12/2019 22:39:32,28.237,-90.949
07/12/2019 22:41:32,28.234,-90.946
07/12/2019 22:43:31,28.232,-90.942
07/12/2019 22:45:31,28.229,-90.938
07/12/2019 22:47:31,28.227,-90.935
07/12/2019 22:49:31,28.225,-90.932
07/12/2019 22:51:31,28.222,-90.928
07/12/2019 22:53:31,28.220,-90.925
07/12/2019 22:55:31,28.219,-90.921
07/12/2019 22:57:31,28.217,-90.918
07/12/2019 22:59:32,28.215,-90.915
07/12/2019 23:01:32,28.213,-90.912
07/12/2019 23:03:32,28.212,-90.908
07/12/2019 23:05:32,28.211,-90.905
07/12/2019 23:07:32,28.209,-90.902
07/12/2019 23:09:32,28.208,-90.899
07/12/2019 23:11:32,28.207,-90.896
07/12/2019 23:13:31,28.206,-90.893
07/12/2019 23:15:31,28.205,-90.889
07/12/2019 23:17:31,28.204,-90.886
07/12/2019 23:19:07,28.203,-90.884
07/12/2019 23:21:07,28.202,-90.880
07/12/2019 23:23:08,28.200,-90.876
07/12/2019 23:25:08,28.199,-90.872
07/12/2019 23:27:08,28.198,-90.869
07/12/2019 23:29:08,28.197,-90.865
07/12/2019 23:31:08,28.196,-90.862
07/12/2019 23:33:08,28.195,-90.859
07/12/2019 23:35:08,28.194,-90.855
07/12/2019 23:37:07,28.194,-90.853
07/12/2019 23:39:07,28.193,-90.850
07/12/2019 23:41:07,28.193,-90.847
07/12/2019 23:43:07,28.193,-90.845
07/12/2019 23:45:07,28.193,-90.843
07/12/2019 23:47:07,28.193,-90.841
07/12/2019 23:49:07,28.194,-90.839
07/12/2019 23:49:36,28.194,-90.839
07/12/2019 23:51:36,28.196,-90.840
07/12/2019 23:53:36,28.198,-90.841
07/12/2019 23:55:36,28.200,-90.842
07/12/2019 23:57:37,28.202,-90.843
07/12/2019 23:59:37,28.204,-90.844
07/13/2019 00:01:37,28.206,-90.845
07/13/2019 00:03:37,28.208,-90.846
07/13/2019 00:05:37,28.210,-90.847
07/13/2019 00:07:37,28.212,-90.848
07/13/2019 00:09:37,28.214,-90.849
07/13/2019 00:11:37,28.216,-90.850
07/13/2019 00:13:36,28.218,-90.851
07/13/2019 00:15:36,28.220,-90.853
07/13/2019 00:17:36,28.222,-90.854
07/13/2019 00:19:36,28.224,-90.855
07/13/2019 00:21:36,28.226,-90.856
07/13/2019 00:23:36,28.228,-90.857
07/13/2019 00:25:36,28.230,-90.858
07/13/2019 00:27:37,28.232,-90.859
07/13/2019 00:29:37,28.234,-90.860
07/13/2019 00:31:37,28.236,-90.861
07/13/2019 00:33:37,28.238,-90.862
07/13/2019 00:35:37,28.240,-90.863
07/13/2019 00:37:37,28.242,-90.864
07/13/2019 00:39:34,28.244,-90.865
07/13/2019 00:41:34,28.250,-90.870
07/13/2019 00:43:34,28.257,-90.875
07/13/2019 00:45:34,28.263,-90.880
07/13/2019 00:47:34,28.270,-90.886
07/13/2019 00:49:34,28.276,-90.891
07/13/2019 00:51:35,28.282,-90.896
07/13/2019 00:53:35,28.289,-90.901
07/13/2019 00:55:35,28.295,-90.906
07/13/2019 00:57:35,28.301,-90.911
07/13/2019 00:59:35,28.308,-90.917
07/13/2019 01:01:35,28.314,-90.922
07/13/2019 01:03:35,28.321,-90.927
07/13/2019 01:05:35,28.327,-90.932
07/13/2019 01:07:34,28.333,-90.937
07/13/2019 01:09:34,28.340,-90.942
07/13/2019 01:11:34,28.346,-90.947
07/13/2019 01:13:34,28.352,-90.952
07/13/2019 01:15:34,28.359,-90.958
07/13/2019 01:17:34,28.365,-90.963
07/13/2019 01:19:34,28.371,-90.968
07/13/2019 01:21:35,28.378,-90.973
07/13/2019 01:23:35,28.384,-90.978
07/13/2019 01:25:35,28.390,-90.983
07/13/2019 01:27:35,28.397,-90.988
07/13/2019 01:29:35,28.403,-90.993
07/13/2019 01:31:35,28.409,-90.998
07/13/2019 01:33:35,28.416,-91.004
07/13/2019 01:35:35,28.422,-91.009
07/13/2019 01:37:34,28.428,-91.014
07/13/2019 01:39:34,28.435,-91.019
07/13/2019 01:41:34,28.441,-91.024
07/13/2019 01:43:34,28.447,-91.029
07/13/2019 01:45:34,28.453,-91.034
07/13/2019 01:47:34,28.460,-91.039
07/13/2019 01:49:34,28.466,-91.044
07/13/2019 01:51:35,28.472,-91.049
07/13/2019 01:53:35,28.478,-91.054
07/13/2019 01:55:35,28.485,-91.059
07/13/2019 01:57:35,28.491,-91.064
07/13/2019 01:59:35,28.497,-91.069
07/13/2019 02:01:35,28.503,-91.075
07/13/2019 02:03:35,28.510,-91.080
07/13/2019 02:05:35,28.516,-91.085
07/13/2019 02:07:34,28.522,-91.090
07/13/2019 02:09:34,28.528,-91.095
07/13/2019 02:11:34,28.535,-91.100
07/13/2019 02:13:34,28.541,-91.105
07/13/2019 02:15:34,28.547,-91.110
07/13/2019 02:17:34,28.553,-91.115
07/13/2019 02:19:34,28.559,-91.120
07/13/2019 02:21:35,28.566,-91.125
07/13/2019 02:23:35,28.572,-91.130
07/13/2019 02:25:35,28.578,-91.135
07/13/2019 02:27:35,28.584,-91.140
07/13/2019 02:29:35,28.590,-91.145
07/13/2019 02:31:35,28.596,-91.150
07/13/2019 02:33:35,28.602,-91.155
07/13/2019 02:35:35,28.609,-91.160
07/13/2019 02:37:34,28.615,-91.165
07/13/2019 02:39:34,28.621,-91.170
07/13/2019 02:41:34,28.627,-91.174
07/13/2019 02:43:34,28.633,-91.179
07/13/2019 02:45:34,28.639,-91.184
07/13/2019 02:47:34,28.645,-91.189
07/13/2019 02:49:34,28.651,-91.194
07/13/2019 02:51:35,28.657,-91.199
07/13/2019 02:53:35,28.663,-91.204
07/13/2019 02:55:35,28.669,-91.209
07/13/2019 02:57:35,28.675,-91.214
07/13/2019 02:59:35,28.681,-91.219
07/13/2019 03:01:35,28.687,-91.224
07/13/2019 03:03:35,28.693,-91.229
07/13/2019 03:05:35,28.700,-91.233
07/13/2019 03:07:34,28.705,-91.238
07/13/2019 03:09:34,28.711,-91.243
07/13/2019 03:11:34,28.717,-91.248
07/13/2019 03:13:34,28.723,-91.253
07/13/2019 03:15:34,28.729,-91.258
07/13/2019 03:17:34,28.735,-91.263
07/13/2019 03:19:34,28.741,-91.268
07/13/2019 03:21:35,28.747,-91.272
07/13/2019 03:23:35,28.753,-91.277
07/13/2019 03:25:35,28.759,-91.282
07/13/2019 03:27:35,28.765,-91.287
07/13/2019 03:29:35,28.771,-91.292
07/13/2019 03:31:35,28.777,-91.296
07/13/2019 03:33:35,28.783,-91.301
07/13/2019 03:35:35,28.789,-91.306
07/13/2019 03:37:34,28.794,-91.311
07/13/2019 03:39:34,28.800,-91.316
07/13/2019 03:41:34,28.806,-91.320
07/13/2019 03:43:34,28.812,-91.325
07/13/2019 03:45:34,28.818,-91.330
07/13/2019 03:47:34,28.824,-91.335
07/13/2019 03:49:34,28.829,-91.339
07/13/2019 03:51:35,28.835,-91.344
07/13/2019 03:53:35,28.841,-91.349
07/13/2019 03:55:35,28.847,-91.353
07/13/2019 03:57:35,28.852,-91.358
07/13/2019 03:59:35,28.858,-91.363
07/13/2019 04:01:35,28.864,-91.368
07/13/2019 04:03:35,28.870,-91.372
07/13/2019 04:05:35,28.875,-91.377
07/13/2019 04:07:34,28.881,-91.382
07/13/2019 04:09:34,28.887,-91.386
07/13/2019 04:11:34,28.892,-91.391
07/13/2019 04:13:34,28.898,-91.395
07/13/2019 04:15:34,28.904,-91.400
07/13/2019 04:17:34,28.909,-91.405
07/13/2019 04:19:34,28.915,-91.409
07/13/2019 04:21:35,28.921,-91.414
07/13/2019 04:23:35,28.926,-91.419
07/13/2019 04:25:35,28.932,-91.423
07/13/2019 04:27:35,28.937,-91.428
07/13/2019 04:29:35,28.943,-91.432
07/13/2019 04:31:35,28.948,-91.437
07/13/2019 04:33:35,28.954,-91.441
07/13/2019 04:35:35,28.960,-91.446
07/13/2019 04:37:34,28.965,-91.451
07/13/2019 04:39:34,28.971,-91.455
07/13/2019 04:41:34,28.976,-91.460
07/13/2019 04:43:34,28.982,-91.464
07/13/2019 04:45:34,28.987,-91.469
07/13/2019 04:47:34,28.992,-91.473
07/13/2019 04:49:34,28.998,-91.478
07/13/2019 04:51:35,29.003,-91.482
07/13/2019 04:53:35,29.009,-91.487
07/13/2019 04:55:35,29.014,-91.491
07/13/2019 04:57:35,29.020,-91.495
07/13/2019 04:59:35,29.025,-91.500
07/13/2019 05:01:35,29.030,-91.504
07/13/2019 05:03:35,29.036,-91.509
07/13/2019 05:05:35,29.041,-91.513
07/13/2019 05:07:34,29.046,-91.518
07/13/2019 05:09:34,29.052,-91.522
07/13/2019 05:11:34,29.057,-91.526
07/13/2019 05:13:34,29.062,-91.531
07/13/2019 05:15:34,29.067,-91.535
07/13/2019 05:17:34,29.073,-91.539
07/13/2019 05:19:34,29.078,-91.544
07/13/2019 05:21:35,29.083,-91.548
07/13/2019 05:23:35,29.088,-91.552
07/13/2019 05:25:35,29.093,-91.557
07/13/2019 05:27:35,29.099,-91.561
07/13/2019 05:29:35,29.104,-91.565
07/13/2019 05:31:35,29.109,-91.569
07/13/2019 05:33:35,29.114,-91.574
07/13/2019 05:35:35,29.119,-91.578
07/13/2019 05:37:34,29.124,-91.582
07/13/2019 05:39:34,29.129,-91.586
07/13/2019 05:41:34,29.134,-91.591
07/13/2019 05:43:34,29.139,-91.595
07/13/2019 05:45:34,29.145,-91.599
07/13/2019 05:47:34,29.150,-91.603
07/13/2019 05:49:34,29.155,-91.607
07/13/2019 05:51:35,29.160,-91.612
07/13/2019 05:53:35,29.164,-91.616
07/13/2019 05:55:35,29.169,-91.620
07/13/2019 05:57:35,29.174,-91.624
07/13/2019 05:59:35,29.179,-91.628
07/13/2019 06:01:35,29.184,-91.632
07/13/2019 06:03:35,29.189,-91.636
07/13/2019 06:05:35,29.194,-91.640
07/13/2019 06:07:34,29.199,-91.645
07/13/2019 06:09:34,29.204,-91.649
07/13/2019 06:11:34,29.209,-91.653
07/13/2019 06:13:34,29.213,-91.657
07/13/2019 06:15:34,29.218,-91.661
07/13/2019 06:17:34,29.223,-91.665
07/13/2019 06:19:34,29.228,-91.669
07/13/2019 06:21:35,29.232,-91.673
07/13/2019 06:23:35,29.237,-91.677
07/13/2019 06:25:35,29.242,-91.681
07/13/2019 06:27:35,29.247,-91.685
07/13/2019 06:29:35,29.251,-91.689
07/13/2019 06:31:35,29.256,-91.693
07/13/2019 06:33:35,29.260,-91.696
07/13/2019 06:35:35,29.265,-91.700
07/13/2019 06:37:34,29.270,-91.704
07/13/2019 06:39:34,29.274,-91.708
07/13/2019 06:41:34,29.279,-91.712
07/13/2019 06:43:34,29.283,-91.716
07/13/2019 06:45:34,29.288,-91.720
07/13/2019 06:47:34,29.292,-91.724
07/13/2019 06:49:34,29.297,-91.727
07/13/2019 06:51:35,29.301,-91.731
07/13/2019 06:53:35,29.306,-91.735
07/13/2019 06:55:35,29.310,-91.739
07/13/2019 06:57:35,29.315,-91.742
07/13/2019 06:59:35,29.319,-91.746
07/13/2019 07:01:35,29.323,-91.750
07/13/2019 07:03:35,29.328,-91.754
07/13/2019 07:05:35,29.332,-91.757
07/13/2019 07:07:34,29.336,-91.761
07/13/2019 07:09:34,29.341,-91.765
07/13/2019 07:11:34,29.345,-91.768
07/13/2019 07:13:34,29.349,-91.772
07/13/2019 07:15:34,29.354,-91.776
07/13/2019 07:17:34,29.358,-91.779
07/13/2019 07:19:34,29.362,-91.783
07/13/2019 07:21:35,29.366,-91.787
07/13/2019 07:23:35,29.370,-91.790
07/13/2019 07:25:35,29.374,-91.794
07/13/2019 07:27:35,29.379,-91.797
07/13/2019 07:29:35,29.383,-91.801
07/13/2019 07:31:35,29.387,-91.804
07/13/2019 07:33:35,29.391,-91.808
07/13/2019 07:35:35,29.395,-91.811
07/13/2019 07:37:34,29.399,-91.815
07/13/2019 07:39:34,29.403,-91.818
07/13/2019 07:41:34,29.407,-91.822
07/13/2019 07:43:34,29.411,-91.825
07/13/2019 07:45:34,29.415,-91.829
07/13/2019 07:47:34,29.419,-91.832
07/13/2019 07:49:34,29.423,-91.835
07/13/2019 07:51:35,29.426,-91.839
07/13/2019 07:53:35,29.430,-91.842
07/13/2019 07:55:35,29.434,-91.846
07/13/2019 07:57:35,29.438,-91.849
07/13/2019 07:59:35,29.442,-91.852
07/13/2019 08:01:35,29.446,-91.855
07/13/2019 08:03:35,29.449,-91.859
07/13/2019 08:05:35,29.453,-91.862
07/13/2019 08:07:34,29.457,-91.865
07/13/2019 08:09:34,29.460,-91.869
07/13/2019 08:11:34,29.464,-91.872
07/13/2019 08:13:34,29.468,-91.875
07/13/2019 08:15:34,29.471,-91.878
07/13/2019 08:17:34,29.475,-91.881
07/13/2019 08:19:34,29.478,-91.885
07/13/2019 08:21:35,29.482,-91.888
07/13/2019 08:23:35,29.486,-91.891
07/13/2019 08:25:35,29.489,-91.894
07/13/2019 08:27:35,29.493,-91.897
07/13/2019 08:29:35,29.496,-91.900
07/13/2019 08:31:35,29.499,-91.903
07/13/2019 08:33:35,29.503,-91.906
07/13/2019 08:35:35,29.506,-91.909
07/13/2019 08:37:34,29.510,-91.912
07/13/2019 08:39:34,29.513,-91.915
07/13/2019 08:41:34,29.516,-91.918
07/13/2019 08:43:34,29.520,-91.921
07/13/2019 08:45:34,29.523,-91.924
07/13/2019 08:47:34,29.526,-91.927
07/13/2019 08:49:34,29.529,-91.930
07/13/2019 08:51:35,29.532,-91.933
07/13/2019 08:53:35,29.536,-91.936
07/13/2019 08:55:35,29.539,-91.939
07/13/2019 08:57:35,29.542,-91.942
07/13/2019 08:59:35,29.545,-91.944
07/13/2019 09:01:35,29.548,-91.947
07/13/2019 09:03:35,29.551,-91.950
07/13/2019 09:05:35,29.554,-91.953
07/13/2019 09:07:34,29.557,-91.956
07/13/2019 09:09:34,29.560,-91.958
07/13/2019 09:11:34,29.563,-91.961
07/13/2019 09:13:34,29.566,-91.964
07/13/2019 09:15:34,29.569,-91.967
07/13/2019 09:17:34,29.572,-91.969
07/13/2019 09:19:34,29.575,-91.972
07/13/2019 09:21:35,29.578,-91.975
07/13/2019 09:23:35,29.580,-91.977
07/13/2019 09:25:35,29.583,-91.980
07/13/2019 09:27:35,29.586,-91.982
07/13/2019 09:29:35,29.589,-91.985
07/13/2019 09:31:35,29.591,-91.988
07/13/2019 09:33:35,29.594,-91.990
07/13/2019 09:35:35,29.597,-91.993
07/13/2019 09:37:34,29.600,-91.995
07/13/2019 09:39:34,29.602,-91.998
07/13/2019 09:41:34,29.605,-92.000
07/13/2019 09:43:34,29.607,-92.003
07/13/2019 09:45:34,29.610,-92.005
07/13/2019 09:47:34,29.613,-92.008
07/13/2019 09:49:34,29.615,-92.010
07/13/2019 09:51:35,29.618,-92.013
07/13/2019 09:53:35,29.620,-92.015
07/13/2019 09:55:35,29.623,-92.017
07/13/2019 09:57:35,29.625,-92.020
07/13/2019 09:59:35,29.627,-92.022
07/13/2019 10:01:35,29.630,-92.024
07/13/2019 10:03:35,29.632,-92.027
07/13/2019 10:05:35,29.635,-92.029
07/13/2019 10:07:34,29.637,-92.031
07/13/2019 10:09:34,29.639,-92.034
07/13/2019 10:11:34,29.642,-92.036
07/13/2019 10:13:34,29.644,-92.038
07/13/2019 10:15:34,29.646,-92.040
07/13/2019 10:17:34,29.648,-92.043
07/13/2019 10:19:34,29.651,-92.045
07/13/2019 10:21:35,29.653,-92.047
07/13/2019 10:23:35,29.655,-92.049
07/13/2019 10:25:35,29.657,-92.051
07/13/2019 10:27:35,29.659,-92.054
07/13/2019 10:29:35,29.661,-92.056
07/13/2019 10:31:35,29.663,-92.058
07/13/2019 10:33:35,29.665,-92.060
07/13/2019 10:35:35,29.668,-92.062
07/13/2019 10:37:34,29.670,-92.064
07/13/2019 10:39:34,29.672,-92.066
07/13/2019 10:41:34,29.674,-92.068
07/13/2019 10:43:34,29.676,-92.070
07/13/2019 10:45:34,29.678,-92.072
07/13/2019 10:47:34,29.679,-92.074
07/13/2019 10:49:34,29.681,-92.076
07/13/2019 10:51:35,29.683,-92.078
07/13/2019 10:53:35,29.685,-92.080
07/13/2019 10:55:35,29.687,-92.082
07/13/2019 10:57:35,29.689,-92.084
07/13/2019 10:59:35,29.691,-92.086
07/13/2019 11:01:35,29.693,-92.088
07/13/2019 11:03:35,29.694,-92.090
07/13/2019 11:05:35,29.696,-92.092
07/13/2019 11:07:34,29.698,-92.094
07/13/2019 11:09:34,29.700,-92.096
07/13/2019 11:11:34,29.701,-92.098
07/13/2019 11:13:34,29.703,-92.099
07/13/2019 11:15:34,29.705,-92.101
07/13/2019 11:17:34,29.706,-92.103
07/13/2019 11:19:34,29.708,-92.105
07/13/2019 11:21:35,29.710,-92.107
07/13/2019 11:23:35,29.711,-92.108
07/13/2019 11:25:35,29.713,-92.110
07/13/2019 11:27:35,29.714,-92.112
07/13/2019 11:29:35,29.716,-92.114
07/13/2019 11:31:35,29.718,-92.115
07/13/2019 11:33:35,29.719,-92.117
07/13/2019 11:35:35,29.721,-92.119
07/13/2019 11:37:34,29.722,-92.121
07/13/2019 11:39:34,29.724,-92.122
07/13/2019 11:41:34,29.725,-92.124
07/13/2019 11:43:34,29.726,-92.126
07/13/2019 11:45:34,29.728,-92.127
07/13/2019 11:47:34,29.729,-92.129
07/13/2019 11:49:34,29.731,-92.131
07/13/2019 11:51:35,29.732,-92.132
07/13/2019 11:53:35,29.733,-92.134
07/13/2019 11:55:35,29.735,-92.135
07/13/2019 11:57:35,29.736,-92.137
07/13/2019 11:59:35,29.737,-92.139
07/13/2019 12:01:35,29.739,-92.140
07/13/2019 12:03:35,29.740,-92.142
07/13/2019 12:05:35,29.741,-92.143
07/13/2019 12:07:34,29.742,-92.145
07/13/2019 12:09:34,29.744,-92.146
07/13/2019 12:11:34,29.745,-92.148
07/13/2019 12:13:34,29.746,-92.149
07/13/2019 12:15:34,29.747,-92.151
07/13/2019 12:17:34,29.748,-92.152
07/13/2019 12:19:34,29.750,-92.154
07/13/2019 12:21:35,29.751,-92.155
07/13/2019 12:23:35,29.752,-92.157
07/13/2019 12:25:35,29.753,-92.158
07/13/2019 12:27:35,29.754,-92.159
07/13/2019 12:29:35,29.755,-92.161
07/13/2019 12:31:35,29.756,-92.162
07/13/2019 12:33:35,29.757,-92.164
07/13/2019 12:35:35,29.758,-92.165
07/13/2019 12:37:34,29.759,-92.166
07/13/2019 12:39:34,29.760,-92.168
07/13/2019 12:41:34,29.761,-92.169
07/13/2019 12:43:34,29.762,-92.170
07/13/2019 12:45:34,29.763,-92.172
07/13/2019 12:47:34,29.764,-92.173
07/13/2019 12:49:34,29.765,-92.174
07/13/2019 12:51:35,29.766,-92.176
07/13/2019 12:53:35,29.767,-92.177
07/13/2019 12:55:35,29.768,-92.178
07/13/2019 12:57:35,29.769,-92.180
07/13/2019 12:59:35,29.770,-92.181
07/13/2019 13:01:35,29.771,-92.182
07/13/2019 13:03:35,29.771,-92.183
07/13/2019 13:05:35,29.772,-92.185
07/13/2019 13:07:34,29.773,-92.186
07/13/2019 13:09:34,29.774,-92.187
07/13/2019 13:11:34,29.775,-92.188
07/13/2019 13:13:34,29.775,-92.189
07/13/2019 13:15:34,29.776,-92.191
07/13/2019 13:17:34,29.777,-92.192
07/13/2019 13:19:34,29.778,-92.193
07/13/2019 13:21:35,29.778,-92.194
07/13/2019 13:23:35,29.779,-92.195
07/13/2019 13:25:35,29.780,-92.197
07/13/2019 13:27:35,29.781,-92.198
07/13/2019 13:29:35,29.781,-92.199
07/13/2019 13:31:35,29.782,-92.200
07/13/2019 13:33:35,29.783,-92.201
07/13/2019 13:35:35,29.783,-92.202
07/13/2019 13:37:34,29.784,-92.203
07/13/2019 13:39:34,29.784,-92.204
07/13/2019 13:41:34,29.785,-92.205
07/13/2019 13:43:34,29.786,-92.206
07/13/2019 13:45:34,29.786,-92.208
07/13/2019 13:47:34,29.787,-92.209
07/13/2019 13:49:34,29.787,-92.210
07/13/2019 13:51:35,29.788,-92.211
07/13/2019 13:53:35,29.788,-92.212
07/13/2019 13:55:35,29.789,-92.213
07/13/2019 13:57:35,29.790,-92.214
07/13/2019 13:59:35,29.790,-92.215
07/13/2019 14:01:35,29.791,-92.216
07/13/2019 14:03:35,29.791,-92.217
07/13/2019 14:05:35,29.792,-92.218
07/13/2019 14:07:34,29.792,-92.219
07/13/2019 14:09:34,29.792,-92.220
07/13/2019 14:11:34,29.793,-92.221
07/13/2019 14:13:34,29.793,-92.222
07/13/2019 14:15:34,29.794,-92.223
07/13/2019 14:17:34,29.794,-92.224
07/13/2019 14:19:34,29.795,-92.224
07/13/2019 14:21:35,29.795,-92.225
07/13/2019 14:23:35,29.795,-92.226
07/13/2019 14:25:35,29.796,-92.227
07/13/2019 14:27:35,29.796,-92.228
07/13/2019 14:29:35,29.797,-92.229
07/13/2019 14:31:35,29.797,-92.230
07/13/2019 14:33:35,29.797,-92.231
07/13/2019 14:35:35,29.798,-92.232
07/13/2019 14:37:34,29.798,-92.233
07/13/2019 14:39:34,29.798,-92.234
07/13/2019 14:41:34,29.799,-92.234
07/13/2019 14:43:34,29.799,-92.235
07/13/2019 14:45:34,29.799,-92.236
07/13/2019 14:47:34,29.799,-92.237
07/13/2019 14:49:34,29.800,-92.238
07/13/2019 14:51:35,29.800,-92.239
07/13/2019 14:53:35,29.800,-92.239
07/13/2019 14:55:35,29.800,-92.240
07/13/2019 14:57:35,29.801,-92.241
07/13/2019 14:59:35,29.801,-92.242
07/13/2019 15:01:35,29.801,-92.243
07/13/2019 15:03:35,29.801,-92.244
07/13/2019 15:05:35,29.802,-92.244
07/13/2019 15:07:34,29.802,-92.245
07/13/2019 15:09:34,29.802,-92.246
07/13/2019 15:11:34,29.802,-92.247
07/13/2019 15:13:34,29.802,-92.247
07/13/2019 15:15:34,29.803,-92.248
07/13/2019 15:17:34,29.803,-92.249
07/13/2019 15:19:34,29.803,-92.250
07/13/2019 15:21:35,29.803,-92.251
07/13/2019 15:23:35,29.803,-92.251
07/13/2019 15:25:35,29.803,-92.252
07/13/2019 15:27:35,29.803,-92.253
07/13/2019 15:29:35,29.804,-92.254
07/13/2019 15:31:35,29.804,-92.254
07/13/2019 15:33:35,29.804,-92.255
07/13/2019 15:35:35,29.804,-92.256
07/13/2019 15:37:34,29.804,-92.256
07/13/2019 15:39:34,29.804,-92.257
07/13/2019 15:41:34,29.804,-92.258
07/13/2019 15:43:34,29.804,-92.259
07/13/2019 15:45:34,29.804,-92.259
07/13/2019 15:47:34,29.804,-92.260
07/13/2019 15:49:34,29.804,-92.261
07/13/2019 15:51:35,29.804,-92.261
07/13/2019 15:53:35,29.804,-92.262
07/13/2019 15:55:35,29.805,-92.263
07/13/2019 15:57:35,29.805,-92.263
07/13/2019 15:59:35,29.805,-92.264
07/13/2019 16:01:35,29.805,-92.265
07/13/2019 16:03:35,29.805,-92.265
07/13/2019 16:05:35,29.805,-92.266
07/13/2019 16:07:34,29.805,-92.267
07/13/2019 16:09:34,29.805,-92.267
07/13/2019 16:11:34,29.805,-92.268
07/13/2019 16:13:34,29.805,-92.269
07/13/2019 16:15:34,29.805,-92.269
07/13/2019 16:17:34,29.805,-92.270
07/13/2019 16:19:34,29.805,-92.271
07/13/2019 16:21:35,29.805,-92.271
07/13/2019 16:23:35,29.805,-92.272
07/13/2019 16:25:35,29.805,-92.273
07/13/2019 16:27:35,29.805,-92.273
07/13/2019 16:29:35,29.805,-92.274
07/13/2019 16:31:35,29.804,-92.274
07/13/2019 16:33:35,29.804,-92.275
07/13/2019 16:35:35,29.804,-92.276
07/13/2019 16:37:34,29.804,-92.276
07/13/2019 16:39:34,29.804,-92.277
07/13/2019 16:41:34,29.804,-92.277
07/13/2019 16:43:34,29.804,-92.278
07/13/2019 16:45:34,29.804,-92.279
07/13/2019 16:47:34,29.804,-92.279
07/13/2019 16:49:34,29.804,-92.280
07/13/2019 16:51:35,29.804,-92.280
07/13/2019 16:53:35,29.804,-92.281
07/13/2019 16:55:35,29.804,-92.282
07/13/2019 16:57:35,29.804,-92.282
07/13/2019 16:59:35,29.804,-92.283
07/13/2019 17:01:35,29.803,-92.283
07/13/2019 17:03:35,29.803,-92.284
07/13/2019 17:05:35,29.803,-92.285
07/13/2019 17:07:34,29.803,-92.285
07/13/2019 17:09:34,29.803,-92.286
07/13/2019 17:11:34,29.803,-92.286
07/13/2019 17:13:34,29.803,-92.287
07/13/2019 17:15:34,29.803,-92.287
07/13/2019 17:17:34,29.803,-92.288
07/13/2019 17:19:34,29.803,-92.289
07/13/2019 17:21:35,29.802,-92.289
07/13/2019 17:23:35,29.802,-92.290
07/13/2019 17:25:35,29.802,-92.290
07/13/2019 17:27:35,29.802,-92.291
07/13/2019 17:29:35,29.802,-92.291
07/13/2019 17:31:35,29.802,-92.292
07/13/2019 17:33:35,29.802,-92.293
07/13/2019 17:35:35,29.802,-92.293
07/13/2019 17:37:34,29.801,-92.294
07/13/2019 17:39:34,29.801,-92.294
07/13/2019 17:41:34,29.801,-92.295
07/13/2019 17:43:34,29.801,-92.295
07/13/2019 17:45:34,29.801,-92.296
07/13/2019 17:47:34,29.801,-92.297
07/13/2019 17:49:34,29.801,-92.297
07/13/2019 17:51:35,29.801,-92.298
07/13/2019 17:53:35,29.800,-92.298
07/13/2019 17:55:35,29.800,-92.299
07/13/2019 17:57:35,29.800,-92.299
07/13/2019 17:59:35,29.800,-92.300